ori_id,name,descriptions,aliases,name_zh,descriptions_zh,aliases_zh,:LABEL
Q82360,Robert Armstrong,American actor,None,None,None,None,Crime
Q310229,perjury,intentional act of swearing a false oath or of falsifying an affirmation to tell the truth,forswearing,偽證罪,None,宣誓後給予假證供,Crime
Q37657301,Category:October 2014 crimes,Wikimedia category,None,None,维基媒体分类,None,Crime
Q8427497,Category:Crime in Morocco,Wikimedia category page,None,None,维基媒体项目分类,None,Crime
Q8427589,Category:Crime in Singapore,Wikimedia category page,None,None,维基媒体项目分类,None,Crime
Q6911318,Category:Crime in Iraq,Wikimedia category page,None,None,维基媒体项目分类,None,Crime
Q6396026,Category:Crime in Trinidad and Tobago,Wikimedia category page,None,None,维基媒体项目分类,None,Crime
Q13562077,The Drop,2014 film by Michaël R. Roskam,Drop,錢藏凶機,None,None,Crime
Q3686324,mafia complicity,complicity in mafia crimes,None,None,None,None,Crime
Q7654058,swatting,the act of hoaxing an armed emergency response to a victim's home,None,None,None,None,Crime
Q1975478,abuse of power,"commission of an unlawful act in an official capacity, which affects the performance of official duties",None,濫權,None,None,Crime
Q5172452,corporate crime,crimes committed either by a corporation or its representatives,None,企業貪腐,None,None,Crime
Q8989733,Category:Crime in France,Wikimedia category,None,Category:法国罪案,维基媒体项目分类,None,Crime
Q8427371,Category:Crime in England,Wikimedia category,None,Category:英格兰罪案,维基媒体项目分类,None,Crime
Q8427620,Category:Crime in Tennessee,Wikimedia category,None,None,维基媒体项目分类,None,Crime
Q29142,attempt,occurs if a criminal has an intent to commit a crime and takes a substantial step toward completing the crime,attempt to commit a crime,未遂犯,None,None,Crime
Q27149893,Category:May 2015 crimes,Wikimedia category,None,None,维基媒体项目分类,None,Crime
Q29639124,Zelyonka attack,None,None,None,None,None,Crime
Q13258647,Category:Crime in the Bahamas,Wikimedia category,None,None,维基媒体项目分类,None,Crime
Q15056789,revenge porn,None,revenge pornography,公開對方的色情影像（如裸照）,None,None,Crime
Q27031407,2016 Budapest explosion,None,None,None,None,None,Crime
Q1040751,Methods of coin debasement,None,None,None,None,None,Crime
Q26251210,Category:August 2016 crimes,Wikimedia category,None,None,维基媒体项目分类,None,Crime
Q27149887,Category:April 2015 crimes,Wikimedia category,None,None,维基媒体项目分类,None,Crime
Q29871236,Category:May 2017 crimes,Wikimedia category,None,None,维基媒体分类,None,Crime
Q8427509,Category:Crime in New Jersey,Wikimedia category,None,Category:新泽西州罪案,维基媒体项目分类,None,Crime
Q8427542,Category:Crime in Ohio,Wikimedia category,None,Category:俄亥俄州罪案,维基媒体项目分类,None,Crime
Q8427662,Category:Crime in the British Virgin Islands,Wikimedia category,None,None,维基媒体项目分类,None,Crime
Q6213295,Category:Crime in South Korea,Wikimedia category,None,Category:韓國罪案,维基媒体项目分类,None,Crime
Q7025500,Category:Crime in Australia,Wikimedia category,None,Category:澳大利亞罪案,维基媒体项目分类,None,Crime
Q1636948,Revelation,novel by C. J. Sansom,None,None,None,None,Crime
Q3020505,The Cross and the Switchblade,book by David Wilkerson,None,None,None,None,Crime
Q11707040,Category:Crime in Texas,Wikimedia category,None,Category:德克萨斯州罪案,维基媒体项目分类,None,Crime
Q16988817,criminal syndicalism,crime defined in some U.S. states,None,None,None,None,Crime
Q6478924,Category:Crime,Wikimedia category,None,Category:犯罪,维基媒体项目分类,None,Crime
Q8427277,Category:Crime in Asia,Wikimedia category,None,Category:亞洲犯罪,维基媒体项目分类,None,Crime
Q8427293,Category:Crime in Bolivia,Wikimedia category,None,None,维基媒体项目分类,None,Crime
Q8427299,Category:Crime in British Columbia,Wikimedia category,None,None,维基媒体项目分类,None,Crime
Q8427660,Category:Crime in Zimbabwe,Wikimedia category,None,None,维基媒体项目分类,None,Crime
Q7999577,Category:Crime in Uzbekistan,Wikimedia category,None,None,维基媒体项目分类,None,Crime
Q5088947,cheating,criminal offense in common law,None,None,None,None,Crime
Q43442,Volksverhetzung,None,None,None,None,None,Crime
Q46952,Organized crime,"groupings of highly centralized criminal enterprises, commonly seeking monetary profit",organised crime,有組織罪案,高度集中的犯罪企業集團，一般尋求貨幣利潤,黑社會,Crime
Q8427375,Category:Crime in Florida,Wikimedia category page,None,Category:佛罗里达州罪案,维基媒体项目分类,None,Crime
Q8427440,Category:Crime in Kosovo,Wikimedia category page,None,None,维基媒体项目分类,None,Crime
Q8427643,"Category:Crime in Washington, D.C.",Wikimedia category page,None,None,维基媒体项目分类,None,Crime
Q8427651,Category:Crime in West Virginia,Wikimedia category page,None,None,维基媒体项目分类,None,Crime
Q17106712,Shahid Rasool,None,None,None,None,None,Crime
Q11707065,Category:Crime in Arizona,Wikimedia category,None,None,维基媒体项目分类,None,Crime
Q28055289,murder of Father Jerzy Popiełuszko,None,None,None,None,None,Crime
Q30617199,Category:May 2013 crimes,Wikimedia category,None,None,维基媒体分类,None,Crime
Q29901404,Category:July 2015 crimes,Wikimedia category,None,None,维基媒体分类,None,Crime
Q30816530,Category:June 2017 crimes in the United States,Wikimedia category,None,None,维基媒体分类,None,Crime
Q2571535,political crime,None,None,政治罪行,None,None,Crime
Q3002617,Crime in France,None,None,None,None,None,Crime
Q5572964,Glynn County mass murder,None,None,None,None,None,Crime
Q5168150,Cop in the Hood: My Year Policing Baltimore's Eastern District,book by Peter Moskos,None,None,None,None,Crime
Q29901424,Category:March 2015 crimes,Wikimedia category,None,None,维基媒体分类,None,Crime
Q30745081,Category:April 2017 crimes in Asia,Wikimedia category,None,None,维基媒体分类,None,Crime
Q20929650,Category:Crime in Saxony,Wikimedia category,None,None,维基媒体项目分类,None,Crime
Q5260820,depraved-heart murder,"wanton, reckless act that causes death",depraved heart murder,None,None,None,Crime
Q4796599,Arson in royal dockyards,None,None,None,None,None,Crime
Q525302,obstruction of justice,act of impeding investigation or courts,obstruction,妨礙司法,None,妨害公務罪,Crime
Q382265,crime of passion,violent crime which is done because of sudden strong impulse such as sudden rage,crime passionnel,None,None,None,Crime
Q7733703,The Fever Tree,book by Ruth Rendell,None,None,None,None,Crime
Q7918620,vehicular homicide,unlawful killing of another human by criminally negligent or murderous operation of a vehicle,atropellar,危險駕駛致死傷罪,None,None,Crime
Q7999539,Category:Crime in Tanzania,Wikimedia category page,None,None,维基媒体项目分类,None,Crime
Q8427534,Category:Crime in North Dakota,Wikimedia category,None,None,维基媒体项目分类,None,Crime
Q8427544,Category:Crime in Oklahoma,Wikimedia category,None,Category:俄克拉何马州罪案,维基媒体项目分类,None,Crime
Q19961524,Death Note,television series,None,死亡筆記,None,None,Crime
Q6434279,Category:Crime in India,Wikimedia category page,None,Category:印度罪案,维基媒体项目分类,None,Crime
Q19670376,Murder of Farkhunda,"Femicide by lynching occurred in Kabul on March 19, 2015",None,None,None,None,Crime
Q28399653,Category:Crime in the Israeli Civil Administration area,Wikimedia category,None,None,维基媒体项目分类,None,Crime
Q24207740,Category:Crime in Transnistria,Wikimedia category,None,None,维基媒体分类,None,Crime
Q554774,property damage,"damage to or the destruction of public or private property, caused either by a person who is not its owner or by natural phenomena",criminal damage,刑事毀壞,None,None,Crime
Q459409,hate crime,"usually violent, prejudice motivated crime",bias-motivated crime,仇恨罪行,None,仇恨罪,Crime
Q8427267,Category:Crime in Antigua and Barbuda,Wikimedia category,None,None,维基媒体项目分类,None,Crime
Q8427310,Category:Crime in California,Wikimedia category,None,Category:加利福尼亚州罪案,维基媒体项目分类,None,Crime
Q8427324,Category:Crime in Chechnya,Wikimedia category,None,None,维基媒体项目分类,None,Crime
Q8427484,Category:Crime in Mauritania,Wikimedia category,None,None,维基媒体项目分类,None,Crime
Q8427762,Category:Crime in the United Kingdom,Wikimedia category,None,Category:英国罪案,维基媒体项目分类,None,Crime
Q3567756,Whit Masterson,"a pen name for a partnership of two American authors, Robert Allison “Bob” Wade and H. Bill Miller",Will Daemer,None,None,None,Crime
Q7166279,Category:Crime in Georgia (country),Wikimedia category,None,None,维基媒体项目分类,None,Crime
Q5185608,Criminal anarchy in the United States,None,None,None,None,None,Crime
Q1371150,Hostage crisis,act of taking and holding a hostage or hostages,hostage taking,人質事件,None,None,Crime
Q1162210,Fantômas,fictional human,Fantomas,方托馬,None,None,Crime
Q17142966,slashing,crime intended to cause bodily harm to a victim with a knife or other type of bladed or sharp object,None,None,None,None,Crime
Q30876558,Category:July 2016 crimes in Asia,Wikimedia category,None,None,维基媒体分类,None,Crime
Q10787922,Jyväskylä library stabbing,None,None,None,None,None,Crime
Q20741956,Arquímedes Puccio,None,El traga sable,None,None,None,Crime
Q37658286,Category:May 2016 crimes in the United States,Wikimedia category,None,None,维基媒体分类,None,Crime
Q1165508,The Pale Horse,novel by Agatha Christie,None,None,None,None,Crime
Q857984,property crime,"crime to obtain money, property, or some other benefit",None,財產罪行,None,None,Crime
Q8427330,Category:Crime in the Comoros,Wikimedia category,None,None,维基媒体项目分类,None,Crime
Q8427464,Category:Crime in Louisiana,Wikimedia category,None,None,维基媒体项目分类,None,Crime
Q8427543,Category:Crime in North Korea,Wikimedia category,None,Category:朝鲜罪案,维基媒体项目分类,None,Crime
Q27149884,Category:February 2015 crimes,Wikimedia category,None,None,维基媒体项目分类,None,Crime
Q21129531,sex trafficking,trade of sexual slaves,None,None,None,None,Crime
Q6937901,Murder of Jeffrey Howe,None,None,None,None,None,Crime
Q7999214,Category:Crime in Azerbaijan,Wikimedia category,None,None,维基媒体项目分类,None,Crime
Q7999368,Category:Crime in Kazakhstan,Wikimedia category,None,None,维基百科分类,None,Crime
Q15749112,Canadian Journal of Criminology and Criminal Justice,journal,None,None,英语期刊,None,Crime
Q30871808,Category:May 2017 crimes in Europe,Wikimedia category,None,None,维基媒体分类,None,Crime
Q7999327,Category:Crime in Egypt,Wikimedia category page,None,None,维基媒体项目分类,None,Crime
Q8427599,Category:Crime in South Dakota,Wikimedia category,None,None,维基媒体项目分类,None,Crime
Q6938035,Murder of Romona Moore,None,None,None,None,None,Crime
Q4922149,inciting subversion of state power,crime in the People's Republic of China,None,煽动颠覆国家政权罪,None,None,Crime
Q6452087,Extortion,criminal offense,exaction,敲詐勒索,None,None,Crime
Q6315498,jury tampering,None,None,None,None,None,Crime
Q30617156,Category:April 2014 crimes,Wikimedia category,None,None,维基媒体分类,None,Crime
Q29530727,Category:January 2017 crimes in Europe,Wikimedia category,None,None,维基媒体分类,None,Crime
Q30110920,Category:September 2016 crimes in the United States,Wikimedia category,None,None,维基媒体分类,None,Crime
Q8427391,Category:Crime in Grenada,Wikimedia category page,None,None,维基媒体项目分类,None,Crime
Q8427475,Category:Crime in Maine,Wikimedia category page,None,None,维基媒体项目分类,None,Crime
Q8427639,Category:Crime in Vatican City,Wikimedia category page,None,None,维基媒体项目分类,None,Crime
Q7999494,Category:Crime in Syria,Wikimedia category page,None,None,维基媒体项目分类,None,Crime
Q7092638,One Fine Day in the Middle of the Night,novel by Christopher Brookmyre,None,None,None,None,Crime
Q6708492,Lynching of Ed Johnson,None,None,None,None,None,Crime
Q6585139,mystery,genre of fiction usually involving a mysterious death or a crime to be solved,mystery books,神秘作品,None,None,Crime
Q6834964,Michael Truman,"British film director, film producer and film editor",None,None,None,None,Crime
Q15246325,Category:Crime in Gabon,Wikimedia category,None,None,维基媒体项目分类,None,Crime
Q11707539,Category:Crime in South Carolina,Wikimedia category,None,None,维基媒体项目分类,None,Crime
Q40099435,Mimsy,South Park Character,None,None,None,None,Crime
Q27940459,Category:October 2016 crimes,Wikimedia category,None,None,维基媒体项目分类,None,Crime
Q27940461,Category:November 2016 crimes,Wikimedia category,None,None,维基媒体项目分类,None,Crime
Q30617183,Category:February 2014 crimes,Wikimedia category,None,None,维基媒体分类,None,Crime
Q17152709,TWOC,None,None,None,None,None,Crime
Q132821,Murder,unlawful killing of another human with malice aforethought,aggravated murder [Illinois],謀殺,預謀惡意非法殺害人類,一級謀殺罪,Crime
Q1714218,Lèse majesté in Thailand,None,Lese majeste in Thailand,泰国的大不敬罪,None,None,Crime
Q5185428,Crime of opportunity,None,None,None,None,None,Crime
Q708562,Contempt of court,offense of being disobedient to or disrespectful towards a court of law and its officers,contempt,藐視法庭,None,侮辱法庭罪,Crime
Q181784,human trafficking,"trade of humans for the purpose of forced labor, sexual slavery, or commercial sexual exploitation for the trafficker or others",None,人口贩卖,None,人口販子,Crime
Q57778235,Suministro de explosivos,None,None,None,None,None,Crime
Q751722,sexual harassment,unwanted sexual attention or advances,None,性骚扰,None,性騷擾,Crime
Q8427283,Category:Crime in Barbados,Wikimedia category,None,None,维基媒体项目分类,None,Crime
Q8427367,Category:Crime in Eritrea,Wikipedia category,None,None,维基媒体项目分类,None,Crime
Q8427495,Category:Crime in Montana,Wikimedia category,None,None,维基媒体项目分类,None,Crime
Q8427576,Category:Crime in Saint Lucia,Wikimedia category,None,None,维基媒体项目分类,None,Crime
Q8427577,Category:Crime in Saint Vincent and the Grenadines,Wikimedia category,None,None,维基媒体项目分类,None,Crime
Q37658121,Category:August 2017 crimes in Europe,Wikimedia category,None,None,维基媒体分类,None,Crime
Q26941675,Category:September 2016 crimes,Wikimedia category,None,None,维基媒体项目分类,None,Crime
Q8427257,Category:Crime in Alaska,Wikimedia category page,None,None,维基媒体项目分类,None,Crime
Q8427541,Category:Crime in Nova Scotia,Wikimedia category page,None,None,维基媒体项目分类,None,Crime
Q8427553,Category:Crime in Palau,Wikimedia category page,None,None,维基媒体项目分类,None,Crime
Q7999397,Category:Crime in Latvia,Wikimedia category page,None,None,维基媒体项目分类,None,Crime
Q9686818,Category:Crime in Korea,Wikimedia category page,None,None,维基媒体项目分类,None,Crime
Q7252540,Providing material support for terrorism,None,None,None,None,None,Crime
Q11707045,Category:Crime in Kentucky,Wikimedia category,None,None,维基媒体项目分类,None,Crime
Q30617182,Category:May 2014 crimes,Wikimedia category,None,None,维基媒体分类,None,Crime
Q8392,Zoophilia,paraphilia involving a sexual fixation on non-human animal,Zoophilia,動物戀,None,None,Crime
Q8427642,Category:Crime in Wallis and Futuna,Wikimedia category,None,None,维基媒体项目分类,None,Crime
Q8427677,Category:Crime in the Pitcairn Islands,Wikimedia category,None,None,维基媒体项目分类,None,Crime
Q8989477,Category:Crime in Austria,Wikimedia category,None,Category:奥地利罪案,维基媒体项目分类,None,Crime
Q13258638,Category:Crime in Suriname,Wikimedia category,None,None,维基媒体项目分类,None,Crime
Q7999322,Category:Crime in the Democratic Republic of the Congo,Wikimedia category page,None,None,维基媒体项目分类,None,Crime
Q42866695,unlawful use of a weapon,None,None,None,None,None,Crime
Q56105443,aiding the enemy,act of crime in military law,None,None,None,None,Crime
Q2026760,victimless crime,illegal act involving only consenting adults (possibly only the perpetrator); e.g. possession of contraband; homosexual sex; polygamy; adultery; fornication; prostitution; use or sale of recreational drugs,None,無被害者犯罪,None,None,Crime
Q7283,Terrorism,"use of violence as a form of political, economic and religious coercion",None,恐怖主義,None,恐怖主义,Crime
Q24327443,attempted arson,None,None,None,None,None,Crime
Q26220729,Category:March 2016 crimes,Wikimedia category,None,None,维基媒体分类,None,Crime
Q26257517,Category:October 2015 crimes,Wikimedia category,None,None,维基媒体项目分类,None,Crime
Q43414,sexual abuse,forcing undesired sexual behavior by one person upon another,molestation,性虐待,None,虐戀癖,Crime
Q8427411,Category:Crime in Idaho,Wikimedia category,None,None,维基媒体项目分类,None,Crime
Q8427480,Category:Crime in Maryland,Wikimedia category,None,Category:马里兰州罪案,维基媒体项目分类,None,Crime
Q8427502,Category:Crime in Nauru,Wikimedia category,None,None,维基媒体项目分类,None,Crime
Q8427575,Category:Crime in Saint Kitts and Nevis,Wikimedia category,None,None,维基媒体项目分类,None,Crime
Q8427621,Category:Crime in Switzerland,Wikimedia category,None,None,维基媒体分类,None,Crime
Q7023131,Nguyễn Văn Minh Tiến,Vietnamese thief catcher,None,None,None,None,Crime
Q7075799,occupational crime,crime that is committed through opportunity created in the course of legal occupation,None,None,None,None,Crime
Q21000630,Volkswagen emissions violations,Fraud on emissions tests using a defeat device from 2009 to 2015 by Volkswagen,emissionsgate,福斯集團汽車舞弊事件,None,None,Crime
Q386899,Hit and run,failing to stop after causing or contributing to a traffic accident,hit-and-run,肇事逃逸,None,None,Crime
Q329821,High treason,most serious crime committed against the state,None,高度叛国,None,None,Crime
Q1259959,drug possession,crime of possessing illegal drugs,None,None,None,None,Crime
Q6213325,Category:Crime in Tunisia,Wikimedia category page,None,None,维基媒体项目分类,None,Crime
Q5153559,common law offence,type of crimes in Commonwealth jurisdictions,None,普通法罪行,None,None,Crime
Q5185167,Crime 360,American reality television show,None,None,None,None,Crime
Q30616963,Category:January 2016 crimes in Europe,Wikimedia category,None,None,维基媒体分类,None,Crime
Q30617189,Category:June 2013 crimes,Wikimedia category,None,None,维基媒体分类,None,Crime
Q18786600,Lamentation,book by C. J. Sansom,None,None,None,None,Crime
Q29888559,Category:April 2017 crimes in the United States,Wikimedia category,None,None,维基媒体分类,None,Crime
Q25174971,Murder of Giulio Regeni,None,None,None,None,None,Crime
Q598041,Prison escape,act of an inmate leaving prison through unofficial or illegal ways,Escapes,越獄,None,None,Crime
Q559225,The Alcasser Girls,"three teenage girls from Alcàsser, Spain, who were raped, tortured and murdered",b7jh,None,None,None,Crime
Q513696,The Broken Window,book,None,None,None,None,Crime
Q163942,stalking,crime,stalk,纏擾,None,None,Crime
Q5296225,Donkey Punch,book by Ray Banks,None,None,None,None,Crime
Q20810821,Aluu four lynching,criminal case,None,None,None,None,Crime
Q30617174,Category:November 2014 crimes,Wikimedia category,None,None,维基媒体分类,None,Crime
Q24702442,possession of an offensive weapon,crime in England and Wales,None,None,None,None,Crime
Q54868577,Bürger verunsichert – Wie umgehen mit kriminellen Zuwanderern?,episode of German talk show Anne Will (S10 E12),None,None,None,None,Crime
Q8427412,Category:Crime in Illinois,Wikimedia category,None,None,维基媒体项目分类,None,Crime
Q8427493,Category:Crime in Mongolia,Wikimedia category,None,None,维基媒体项目分类,None,Crime
Q8427578,Category:Crime in Samoa,Wikimedia category,None,None,维基媒体项目分类,None,Crime
Q8427655,Category:Crime in Wisconsin,Wikimedia category,None,None,维基媒体项目分类,None,Crime
Q10883616,Category:Crime in Honduras,Wikimedia category,Crime in Honduras,None,维基媒体项目分类,None,Crime
Q10088684,Category:Crime in New Mexico,Wikimedia category,None,None,维基媒体项目分类,None,Crime
Q1055332,The Outsiders,1983 drama film from the United States directed by Francis Ford Coppola,Outsiders,小教父,None,None,Crime
Q3496097,Crime of aggression,None,None,侵略罪,None,None,Crime
Q5331161,Easy Street,book by Susan Berman,None,None,None,None,Crime
Q4696786,Aiding and abetting,legal doctrine,None,None,None,None,Crime
Q56239871,Momo Challenge,None,None,None,None,None,Crime
Q8464151,Crime of Cuenca,None,None,None,None,None,Crime
Q8427457,Category:Crime in Liechtenstein,Wikimedia category,None,None,维基媒体项目分类,None,Crime
Q8427668,Category:Crime in the Dominican Republic,Wikimedia category,None,None,维基媒体项目分类,None,Crime
Q6213289,Category:Crime in Burkina Faso,Wikimedia category,None,None,维基媒体项目分类,None,Crime
Q25391961,gas chamber,None,None,None,None,None,Crime
Q29004283,Category:March 2017 crimes,Wikimedia category,None,None,维基媒体分类,None,Crime
Q32920644,malicious communications,crime under UK law,None,None,None,None,Crime
Q8427272,Category:Crime in Arkansas,Wikimedia category,None,None,维基媒体项目分类,None,Crime
Q8427487,Category:Crime in Michigan,Wikimedia category,None,Category:密歇根州罪案,维基媒体项目分类,None,Crime
Q7739970,The Hollow Man,book by Oliver Harris,None,None,None,None,Crime
Q7177951,Category:Executed people by crime,Wikimedia category page,None,Category:各犯行被處決者,维基媒体项目分类,None,Crime
Q4774279,Anti-Soviet agitation,None,None,None,None,None,Crime
Q4676786,deliberate murder,intentionally causing the death of another human being after rationally considering the timing or method of doing so,premeditated murder,蓄意謀殺,在理性考慮這樣做的時間或方法後故意造成另一人的死亡,None,Crime
Q7999414,Category:Crime in Myanmar,Wikimedia category page,None,None,维基媒体项目分类,None,Crime
Q8427546,Category:Crime in Oman,Wikimedia category page,None,None,维基媒体项目分类,None,Crime
Q8427572,Category:Crime in Rhodesia,Wikimedia category page,None,None,维基媒体项目分类,None,Crime
Q8427678,Category:Crime in the Republic of Ireland,Wikimedia category,None,None,维基媒体项目分类,None,Crime
Q8427682,Category:Crime in the United Arab Emirates,Wikimedia category page,None,None,维基媒体项目分类,None,Crime
Q6213300,Category:Crime in Scotland,Wikimedia category page,None,None,维基媒体项目分类,None,Crime
Q11703939,Skimming,None,None,None,None,None,Crime
Q47454119,Death of Jonny K.,criminal case,None,None,None,None,Crime
Q51844746,Suppertime,original song written and composed by Howard Ashman (words) and Alan Menken (music); from the 1982 musical Little Shop of Horrors,None,None,None,None,Crime
Q29351545,Category:March 2017 crimes in Asia,Wikimedia category,None,None,维基媒体分类,None,Crime
Q28225870,Seven Seconds,2018 American crime drama television series on Netflix,None,None,None,None,Crime
Q3497683,Heartstone,book by C. J. Sansom,None,None,None,None,Crime
Q5188260,Cross Country,novel by James Patterson,None,None,None,None,Crime
Q471215,Leigh Whannell,actor,None,雷·沃納爾,None,None,Crime
Q34284,Blackmail,crime,None,勒索,None,None,Crime
Q200481,blasphemy,act of insulting or showing contempt or lack of reverence for a religious deity or sacred person or thing,None,褻瀆,None,亵渎神明,Crime
Q902956,crime in Japan,None,None,None,None,None,Crime
Q8989741,Category:Crime in Norway,Wikimedia category,None,None,维基媒体项目分类,None,Crime
Q8427344,Category:Crime in Delaware,Wikimedia category,None,None,维基媒体项目分类,None,Crime
Q8427439,Category:Crime in Kiribati,Wikimedia category,None,None,维基媒体项目分类,None,Crime
Q8427664,Category:Crime in the Central African Republic,Wikimedia category,None,None,维基媒体项目分类,None,Crime
Q10901358,animal offence,criminal act by an animal,None,動物犯法,None,None,Crime
Q5185377,Crime in Serbia,None,None,None,None,None,Crime
Q5185422,Crime in the United Kingdom,None,None,None,None,None,Crime
Q29351550,Category:February 2017 crimes in Europe,Wikimedia category,None,None,维基媒体分类,None,Crime
Q30603391,Sketch,2018 film by Vijay Santhar,None,None,None,None,Crime
Q30871873,Category:June 2017 crimes in Europe,Wikimedia category,None,None,维基媒体分类,None,Crime
Q30871796,Category:May 2017 crimes in Asia,Wikimedia category,None,None,维基媒体分类,None,Crime
Q30617175,Category:March 2014 crimes,Wikimedia category,None,None,维基媒体分类,None,Crime
Q51297522,intoxication manslaughter,specific version of manslaughter in some jurisdictions,intoxicated manslaughter,None,None,None,Crime
Q301370,illegal emigration,person moving across national borders in a way that violates emigration laws,None,非法移民出境,None,None,Crime
Q45382,Coup d'état,sudden deposition of a government; illegal and overt seizure of a state by the military or other elites within the state apparatus,overthrow,政變,None,政变,Crime
Q6213328,Category:Crime in Lebanon,Wikimedia category page,None,None,维基媒体项目分类,None,Crime
Q2655747,Criminal transmission of HIV,None,None,传播艾滋病罪,None,傳播愛滋病罪,Crime
Q3228578,Le téléphone sonne toujours deux fois!!,1985 French comedy film directed by Jean-Pierre Vergne,Le telephone sonne toujours deux fois,None,None,None,Crime
Q1456832,offense,"action against the law, subject to punishment",infraction,罪行,違法行為，受到處罰,None,Crime
Q8125161,Category:1906 crimes,Wikimedia category page,None,None,维基媒体项目分类,None,Crime
Q8427489,Category:Crime in Mississippi,Wikimedia category page,None,None,维基媒体项目分类,None,Crime
Q8427640,Category:Crime in Vermont,Wikimedia category page,None,None,维基媒体项目分类,None,Crime
Q4658137,A Masculine Ending,book by Joan Smith,None,None,None,None,Crime
Q7025611,Category:Crime in Norfolk Island,Wikimedia category,None,None,维基媒体分类页,None,Crime
Q7062337,Not the End of the World,novel by Christopher Brookmyre,None,None,None,None,Crime
Q6937918,Murder of John Hurford,A murder in 19th century Australia,None,None,None,None,Crime
Q7999664,Category:Crime in Malta,Wikimedia category,None,None,维基媒体项目分类,None,Crime
Q9127069,Category:Crime in Taiwan,Wikimedia category,None,Category:台灣罪案,维基媒体项目分类,None,Crime
Q1134057,lèse-majesté,None,lese-majeste,大不敬,None,None,Crime
Q36033687,Category:August 2017 crimes,Wikimedia category,None,None,维基媒体分类,None,Crime
Q29530928,Category:April 2017 crimes in Europe,Wikimedia category,None,None,维基媒体分类,None,Crime
Q30659456,Category:June 2017 crimes,Wikimedia category,None,None,维基媒体分类,None,Crime
Q30745232,Category:January 2017 crimes in North America,Wikimedia category,None,None,维基媒体分类,None,Crime
Q29466415,Category:Crime in Turkmenistan,Wikimedia category,None,None,维基媒体分类,None,Crime
Q3882220,manslaughter,"crime of killing of a human being by another human being, less serious than murder",2nd degree murder,誤殺,None,None,Crime
Q57983962,Allende slaughter,None,None,None,None,None,Crime
Q12878065,Idionymon,political crime in Greece from 1929 to 1974,None,None,None,None,Crime
Q15400443,Luigi Richetto,French crime,None,None,None,None,Crime
Q11707042,Category:Crime in Colorado,Wikimedia category,None,None,维基媒体项目分类,None,Crime
Q17031450,espionage crime in the People's Republic of China,None,None,间谍罪,中华人民共和国罪名,None,Crime
Q17125985,terroristic threat,threat to commit a crime of violence or a threat to cause bodily injury to another person and terrorization as the result of the proscribed conduct,terrorist threat,None,None,None,Crime
Q14690569,Heath High School shooting,"1 December 1997 school massacre in Kentucky, USA",None,None,None,None,Crime
Q20929649,Category:Crime in Bavaria,Wikimedia category,None,None,维基媒体项目分类,None,Crime
Q11869657,international crime,None,None,None,None,None,Crime
Q11704067,Category:Crime in London,Wikimedia category,None,Category:伦敦罪案,维基媒体项目分类,None,Crime
Q29351552,Category:February 2017 crimes in Asia,Wikimedia category,None,None,维基媒体分类,None,Crime
Q29901425,Category:September 2015 crimes,Wikimedia category,None,None,维基媒体分类,None,Crime
Q29888632,Category:May 2017 crimes in the United States,Wikimedia category,None,None,维基媒体分类,None,Crime
Q33769941,The Apparition,2014 short film directed by Dillon Hoover,None,None,None,None,Crime
Q29032221,Assessing Macro-Level Predictors and Theories of Crime: A Meta-Analysis,scientific article (publication date:  2005),None,None,2005年论文,None,Crime
Q27990599,Category:December 2016 crimes,Wikimedia category,None,None,维基媒体项目分类,None,Crime
Q39059404,Crime and Human Nature,None,None,None,None,None,Crime
Q56284066,2018 Chemnitz stabbing attack,None,None,None,None,None,Crime
Q42374984,parliamentary expenses scandal,None,None,None,None,None,Crime
Q673281,sexual assault,"sexual act in which a person is coerced or physically forced to engage against their will, or a non-consensual sexual touching of a person",None,性侵犯,None,性侵,Crime
Q28813,Fraud,intentional deception made for personal gain or to damage another individual,None,詐騙,None,拐骗,Crime
Q7999609,Category:Crime in Ethiopia,Wikimedia category page,None,None,维基媒体项目分类,None,Crime
Q8427315,Category:Crime in Cambodia,Wikimedia category,None,None,维基媒体项目分类,None,Crime
Q8427342,Category:Crime in Cyprus,Wikimedia category,None,None,维基媒体项目分类,None,Crime
Q8427507,Category:Crime in New Hampshire,Wikimedia category,None,None,维基媒体项目分类,None,Crime
Q6911349,Category:Crime in Japan,Wikimedia category page,None,Category:日本罪案,维基媒体项目分类,None,Crime
Q5028733,campus sexual assault,sexual assault of a student attending an institution of higher learning,campus rape,None,None,None,Crime
Q4692702,Agitation and Propaganda against the State,None,None,None,None,None,Crime
Q4655453,A Big Boy did it and Ran Away,novel by Christopher Brookmyre,None,None,None,None,Crime
Q1387845,Homicide: A Year on the Killing Streets,book,None,None,None,None,Crime
Q9627121,Category:Crime in Guyana,Wikimedia category,None,None,维基媒体项目分类,None,Crime
Q2881556,federal crime in the United States,None,None,None,None,None,Crime
Q7999447,Category:Crime in Papua New Guinea,Wikimedia category,None,None,维基媒体项目分类,None,Crime
Q8427305,Category:Crime in Burundi,Wikimedia category,None,None,维基媒体项目分类,None,Crime
Q8427421,Category:Crime in Hong Kong,Wikimedia category,None,Category:香港罪案,维基媒体项目分类,None,Crime
Q7523810,Single & Single,novel by John le Carré,None,None,None,None,Crime
Q15298836,WikiProject Crime and Criminal Biography,Wikimedia subject-area collaboration,Wikipedia:WikiProject Crime and Criminal Biography,None,None,None,Crime
Q15318524,Category:Crime in Curaçao,Wikimedia category,None,None,维基媒体项目分类,None,Crime
Q17149198,possession of stolen goods,"crime in which an individual has bought, been given, or acquired stolen goods in any way",None,None,None,None,Crime
Q30617223,Category:February 2016 crimes in the United States,Wikimedia category,None,None,维基媒体分类,None,Crime
Q30876559,Category:July 2016 crimes in Europe,Wikimedia category,None,None,维基媒体分类,None,Crime
Q29530900,Category:March 2017 crimes in Europe,Wikimedia category,None,None,维基媒体分类,None,Crime
Q1546545,grievous bodily harm,offence under English law,wounding,嚴重身體傷害,None,None,Crime
Q1332286,Forgery,"process of making, adapting, or imitating objects, statistics, or documents with the intent to deceive",None,偽造文書,None,假證書,Crime
Q1382412,The Girl Next Door,novel by Jack Ketchum,None,None,None,None,Crime
Q2855210,Ripper Street,British TV series,None,开膛街,None,None,Crime
Q3858303,Intimidation,intentional behavior that causes a person to fear injury or harm,None,恐嚇,None,None,Crime
Q240126,bullying,use of force or coercion to abuse or intimidate others,harassment,霸凌,None,None,Crime
Q124757,riot,form of civil disorder,riots,暴動,None,动乱,Crime
Q50851,Black market,market in which goods or services are traded illegally,None,黑市,None,地下市场,Crime
Q8427504,Category:Crime in Nebraska,Wikimedia category,None,None,维基媒体项目分类,None,Crime
Q8427597,Category:Crime in South America,Wikimedia category,None,Category:南美洲罪案,维基媒体项目分类,None,Crime
Q13258637,Category:Crime in Réunion,Wikimedia category,None,None,维基媒体项目分类,None,Crime
Q109931,Copycat crime,criminal act that is modelled or inspired by a previous crime that has been reported in the media or described in fiction,None,模仿犯,None,模仿犯罪,Crime
Q912437,Damages,American legal thriller television series,None,法網裂痕,None,金權遊戲,Crime
Q2401554,death of Nicky Verstappen,crime case in the Netherlands,murder on Nicky Verstappen,None,None,None,Crime
Q2159907,criminal,person who has committed a crime,None,罪犯,None,None,Crime
Q6189234,regulatory offence,offence not requiring mens rea,status offense,None,None,None,Crime
Q7445334,seditious conspiracy,None,None,共謀暴亂罪,None,None,Crime
Q7734056,The Firm,fictional criminal gang in the soap opera EastEnders,None,None,None,None,Crime
Q6213311,Category:Crime in Jordan,Wikimedia category page,None,None,维基媒体项目分类,None,Crime
Q6213313,Category:Crime in Mexico,Wikimedia category page,None,None,维基媒体项目分类,None,Crime
Q30150211,Category:June 2017 crimes in Asia,Wikimedia category,None,None,维基媒体分类,None,Crime
Q7999587,Category:Crime in Croatia,Wikimedia category page,None,None,维基媒体项目分类,None,Crime
Q7577515,Spindoe,British television series,None,None,None,None,Crime
Q8427453,Category:Crime in Lesotho,Wikimedia category page,None,None,维基媒体项目分类,None,Crime
Q8427471,Category:Crime in Madagascar,Wikimedia category page,None,None,维基媒体项目分类,None,Crime
Q8427652,Category:Crime in Wales,Wikimedia category page,None,None,维基媒体项目分类,None,Crime
Q11877090,Horse theft,None,None,None,None,None,Crime
Q13258646,Category:Crime in the Soviet Union,Wikimedia category,None,None,维基百科分类,None,Crime
Q15624851,Archaeological looting,unauthorised archaeological diggings,Illicit excavation,None,None,None,Crime
Q27149895,Category:June 2015 crimes,Wikimedia category,None,None,维基媒体项目分类,None,Crime
Q13258643,Category:Crime in Vanuatu,Wikimedia category,None,None,维基媒体项目分类,None,Crime
Q7897005,Unlawful assembly,Unlawful assembly,None,非法集結,None,None,Crime
Q15246348,Category:Crime in Jersey,Wikimedia category,None,None,维基媒体项目分类,None,Crime
Q4927633,Blood Lines,book by Ruth Rendell,None,None,None,None,Crime
Q47092,rape,type of sexual assault,None,强奸,一种性侵犯行为,姦淫,Crime
Q160128,treason,crime that covers some of the more extreme acts against one's sovereign or nation,None,叛國,None,叛亂罪,Crime
Q8427466,Category:Crime in Macau,Wikimedia category,None,None,维基媒体项目分类,None,Crime
Q8427672,Category:Crime in the Isle of Man,Wikimedia category,None,None,维基媒体项目分类,None,Crime
Q7999275,Category:Crime in Bhutan,Wikimedia category page,None,None,维基媒体项目分类,None,Crime
Q37656943,Category:March 2016 crimes in the United States,Wikimedia category,None,None,维基媒体分类,None,Crime
Q8427255,Category:Crime in Alabama,Wikimedia category,None,None,维基媒体项目分类,None,Crime
Q8427444,Category:Crime in Kyrgyzstan,Wikimedia category,None,None,维基媒体项目分类,None,Crime
Q8427473,Category:Crime in Malawi,Wikimedia category,None,None,维基媒体项目分类,None,Crime
Q6213291,Category:Crime in Chad,Wikimedia category,None,None,维基媒体项目分类,None,Crime
Q9476901,Category:Crime in Serbia,Wikimedia category,None,None,维基媒体项目分类,None,Crime
Q9476932,Category:Crime in Peru,Wikimedia category,None,None,维基媒体项目分类,None,Crime
Q12969054,penis removal,"removal of the penis, usually as an act of aggression (for voluntary penis removal, see penectomy)",None,None,None,None,Crime
Q11707569,Category:Crime in Hawaii,Wikimedia category,None,None,维基媒体项目分类,None,Crime
Q28457326,2017 Melbourne car attack,"Incident in January 2017 in Melbourne, Australia",None,None,None,None,Crime
Q27868223,Crimen de Gádor,Asesinato ocurrido en Gádor,None,None,None,None,Crime
Q19800756,peeping,"crime of spying in violation of privacy, such as in a bathroom or changing room",None,偷窺,None,None,Crime
Q30815980,Category:July 2016 crimes in the United States,Wikimedia category,None,None,维基媒体分类,None,Crime
Q633339,desertion,crime,absent without official leave,逃兵,None,None,Crime
Q3244112,crime in Brazil,involves an elevated incidence of violent and non-violent crimes,None,None,None,None,Crime
Q58405460,Thunder Bay,podcast,None,None,None,None,Crime
Q55189286,Mara Castilla's femicide,Sex-based hate crime in Mexico,"Mara Castilla, Mara Castilla's case",None,None,None,Crime
Q53864837,Kyriakos Papachronis,None,None,None,None,None,Crime
Q4743606,American Desperado,book by Jon Roberts,None,None,None,None,Crime
Q47539483,breast removal,"removal of a breast, usually as an act of aggression (for voluntary breast removal, see mastectomy)",None,None,None,None,Crime
Q250062,driving under the influence,driving a vehicle while the driver is under the influence of a drug that damages the driver's driving skill like alcohol,impaired driving,醉酒駕駛,None,None,Crime
Q544394,sedition,conduct that is deemed by the legal authority to tend toward insurrection against the established order,None,煽動騷亂,None,煽動叛亂,Crime
Q578241,Inchoate offense,crime of preparing for or seeking to commit another crime,incomplete crime,不完整罪,"""不完整罪""被定義為：""視為犯罪行為而不造成實際的損害，倘若損害發生那法律會試圖去防止之。",不完整罪行、未遂罪行、初步罪行,Crime
Q1137778,white-collar crime,financially motivated nonviolent crime committed by business and government professionals,None,白領犯罪,None,None,Crime
Q7999286,Category:Crime in Venezuela,Wikimedia category page,None,None,维基媒体项目分类,None,Crime
Q7605475,Steaming,robbery performed by large group,None,None,None,None,Crime
Q8427275,Category:Crime in Argentina,Wikimedia category page,None,Category:阿根廷罪案,维基媒体项目分类,None,Crime
Q8427353,Category:Crime in Djibouti,Wikimedia category page,None,None,维基媒体项目分类,None,Crime
Q8427482,Category:Crime in Martinique,Wikimedia category page,None,None,维基媒体项目分类,None,Crime
Q8427645,Category:Crime in Washington (state),Wikimedia category page,None,Category:华盛顿州罪案,维基媒体项目分类,None,Crime
Q5432674,false accounting,"statutory offence in England and Wales, Northern Ireland and the Republic of Ireland",None,None,None,None,Crime
Q4659943,A Tale Etched in Blood and Hard Black Pencil,book by Christopher Brookmyre,None,None,None,None,Crime
Q15279749,tax noncompliance,range of activities that are unfavorable to a state's tax system,None,避稅及逃稅,None,None,Crime
Q28133138,Category:January 2017 crimes,Wikimedia category,None,None,维基媒体项目分类,None,Crime
Q26220797,Category:February 2016 crimes,Wikimedia category,None,None,维基媒体分类,None,Crime
Q29055131,Blue Whale Game,Internet game where the final challenge allegedly requires the player to commit suicide,Blue Whale Challenge,蓝鲸,一个发源于俄罗斯的诱导自杀游戏,None,Crime
Q8989748,Category:Crime in the United States,Wikimedia category,None,Category:美国罪案,维基媒体项目分类,None,Crime
Q13258640,Category:Crime in Prince Edward Island,Wikimedia category,None,None,维基媒体项目分类,None,Crime
Q19710536,data break-in,None,None,None,None,None,Crime
Q8427383,Category:Crime in Georgia (U.S. state),Wikimedia category,None,None,维基媒体项目分类,None,Crime
Q8427409,Category:Crime in Iceland,Wikimedia category,None,None,维基媒体项目分类,None,Crime
Q8427635,Category:Crime in Utah,Wikimedia category,None,None,维基媒体项目分类,None,Crime
Q8427667,Category:Crime in the Falkland Islands,Wikimedia category,None,None,维基媒体项目分类,None,Crime
Q7999417,Category:Crime in Nepal,Wikimedia category,None,None,维基媒体项目分类,None,Crime
Q7999475,Category:Crime in Rwanda,Wikimedia category,None,None,维基媒体项目分类,None,Crime
Q8002045,Wilful fire raising,None,None,None,None,None,Crime
Q29418567,Category:April 2017 crimes,Wikimedia category,None,None,维基媒体分类,None,Crime
Q9627087,Category:Crime in Mozambique,Wikimedia category page,None,None,维基媒体项目分类,None,Crime
Q27149902,Category:December 2015 crimes,Wikimedia category,None,None,维基媒体项目分类,None,Crime
Q42115842,Matthew Falder,English geophysicist; blackmailer and convicted child-sex offender,None,None,None,None,Crime
Q1156265,Environmental crime,illegal act which directly harms the environment,None,None,None,None,Crime
Q1360677,crime scene,location that may be associated with a committed crime,None,罪案現場,可能與犯下犯罪有關的地點,案發第一現場,Crime
Q6343819,Category:Crime in Israel,Wikimedia category page,None,Category:以色列罪案,维基媒体项目分类,None,Crime
Q8427570,Category:Crime in Rhode Island,Wikimedia category,None,None,维基媒体项目分类,None,Crime
Q7460885,Category:Crime in Malaysia,Wikimedia category page,None,Category:马来西亚罪案,维基媒体项目分类,None,Crime
Q13258629,Category:Crime in Guernsey,Wikimedia category,None,None,维基媒体项目分类,None,Crime
Q905644,deception,legal term of art used in the definition of statutory offences in England and Wales and Northern Ireland,deception offence,None,None,None,Crime
Q57014958,politician persecution,None,None,None,None,None,Crime
Q311892,William Petersen,American actor,William Louis Petersen,威廉·彼德森,None,威廉·皮特森,Crime
Q478360,The Wire,American TV series,None,火线,None,火线重案组,Crime
Q685674,The Cold Moon,book,None,None,None,None,Crime
Q193518,sabotage,deliberate action aimed at weakening another entity,None,毀壞,None,破壞,Crime
Q10246432,Category:Crime in Kansas,Wikimedia category,None,None,维基媒体项目分类,None,Crime
Q8427266,Category:Crime in Africa,Wikimedia category,None,Category:非洲罪案,维基媒体项目分类,None,Crime
Q8427318,Category:Crime in Cameroon,Wikimedia category,None,None,维基媒体项目分类,None,Crime
Q8427549,Category:Crime in Oregon,Wikimedia category,None,None,维基媒体项目分类,None,Crime
Q7999375,Category:Crime in Canada,Wikimedia category,None,Category:加拿大罪案,维基媒体项目分类,None,Crime
Q7999439,Category:Crime in the Palestinian territories,Wikimedia category,None,None,维基媒体项目分类,None,Crime
Q856681,Illegal immigration,migration of people across national borders in a way that violates the immigration laws of the destination country,Illegal immigrant,非法移民,None,偷渡客,Crime
Q2384039,habitual offender,person convicted of a new crime who was previously convicted of a crime(s),career criminal,None,None,None,Crime
Q3316261,endangerment,"crime involving conduct that is wrongful and reckless, and likely to produce death or grievous bodily harm to another person",public endangerment,None,None,None,Crime
Q27894883,Category:Crime in Abkhazia,Wikimedia category,None,None,维基媒体项目分类,None,Crime
Q52237215,attempted rape,crime,None,None,None,None,Crime
Q56461743,vehicular manslaughter,crime,None,None,None,None,Crime
Q9627098,Category:Crime in North America,Wikimedia category,None,Category:北美洲罪案,维基媒体项目分类,None,Crime
Q7733234,The Fallen Curtain,book by Ruth Rendell,None,None,None,None,Crime
Q7761962,The Sacred Art of Stealing,book by Christopher Brookmyre,None,None,None,None,Crime
Q29351554,Category:January 2017 crimes in Asia,Wikimedia category,None,None,维基媒体分类,None,Crime
Q6938108,Murder of a Mafia Daughter,book by Cathy Scott,None,None,None,None,Crime
Q26204080,Category:June 2016 crimes,Wikimedia category,None,None,维基媒体分类,None,Crime
Q26257511,Category:January 2015 crimes,Wikimedia category,None,None,维基媒体项目分类,None,Crime
Q30617176,Category:June 2014 crimes,Wikimedia category,None,None,维基媒体分类,None,Crime
Q30617206,Category:April 2013 crimes,Wikimedia category,None,None,维基媒体分类,None,Crime
Q19951602,Case Chloé Ansel,crime case in France,None,None,None,None,Crime
Q19842222,Crime fiction,genre of fiction focusing on crime,crime drama,犯罪作品,None,None,Crime
Q29888520,Category:January 2017 crimes in the United States,Wikimedia category,None,None,维基媒体分类,None,Crime
Q56731134,Bray boxing club shooting,None,None,None,None,None,Crime
Q8427536,Category:Crime in Northern Ireland,Wikimedia category,None,None,维基媒体项目分类,None,Crime
Q8427607,Category:Crime in Sudan,Wikimedia category,None,None,维基媒体项目分类,None,Crime
Q5061609,Central Park Jogger case,1989 incident involving an violent attack on a jogger in New York City,None,None,None,None,Crime
Q3502604,Witness tampering,crime,None,None,None,None,Crime
Q3624786,anthropological criminology,None,None,None,None,None,Crime
Q641449,negligent homicide,criminal charge for death due to criminal negligence; not necessary intentional,death by criminal negligence,過失致死,None,None,Crime
Q8427540,Category:Crime in Oceania,Wikimedia category page,None,Category:大洋洲罪案,维基媒体项目分类,None,Crime
Q8427657,Category:Crime in Wyoming,Wikimedia category page,None,None,维基媒体项目分类,None,Crime
Q7990590,Wham Paymaster Robbery,Armed robbery on a United States Army paymaster,None,None,None,None,Crime
Q7999307,Category:Crime in Greece,Wikimedia category page,None,None,维基媒体项目分类,None,Crime
Q10701604,Three Seconds,book by Roslund & Hellström,None,None,None,None,Crime
Q15246368,Category:Crime in Lithuania,Wikimedia category,None,None,维基媒体项目分类,None,Crime
Q16184231,Crime in Spain,None,None,None,None,None,Crime
Q26157369,"Threaten the peace, security, or stability",None,None,None,None,None,Crime
Q26220679,Category:January 2016 crimes,Wikimedia category,None,None,维基媒体分类,None,Crime
Q29433393,Category:February 2017 crimes,Wikimedia category,None,None,维基媒体分类,None,Crime
Q27701437,Thaana Serndha Kootam,2017 film by Vignesh Shivan,Thaanaa Serndha Koottam,None,None,None,Crime
Q2052103,The Murder Room,novel by P. D. James,None,None,None,None,Crime
Q1796687,battery,criminal offense involving the unlawful physical acting upon a threat,None,企圖傷害罪與毆擊罪,None,None,Crime
Q4377519,crime in Australia,None,None,None,None,None,Crime
Q26089581,Category:July 2016 crimes,Wikimedia category,None,None,维基媒体分类,None,Crime
Q676027,Fraudulent conveyance,None,None,None,None,None,Crime
Q7075546,Obstructing government administration,criminal offense in certain jurisdictions of the United States,None,妨害公務,None,None,Crime
Q7223882,sodomy,former Russian crime,None,None,None,None,Crime
Q7999521,Category:Crime in Somalia,Wikimedia category,None,None,维基媒体工程分类,None,Crime
Q8427416,Category:Crime in Iowa,Wikimedia category,None,Category:爱荷华州罪案,维基媒体项目分类,None,Crime
Q26257522,Category:November 2015 crimes,Wikimedia category,None,None,维基媒体项目分类,None,Crime
Q184840,smuggling,illegal movement of goods or people,traficking,走私,None,偷運,Crime
Q165950,Espionage,clandestine acquisition of confidential information,spycraft,间谍,秘密获取机密信息,間諜,Crime
Q401654,Villisca Axe Murders,None,None,None,None,None,Crime
Q776377,Khaibakh massacre,crime,None,卡爾巴赫大屠殺,None,None,Crime
Q13258642,Category:Crime in Swaziland,Wikimedia category,None,None,维基媒体项目分类,None,Crime
Q11640551,criminal negligence,None,None,過失犯,None,None,Crime
Q16819721,Category:Crime in fiction,Wikimedia category,None,None,维基媒体项目分类,None,Crime
Q26204084,Category:April 2016 crimes,Wikimedia category,None,None,维基媒体分类,None,Crime
Q52635052,insulting the President of the Republic,crime in Turkey,None,None,None,None,Crime
Q14850525,Rebellion plot of UPP against South Korea,None,None,None,None,None,Crime
Q8427332,Category:Crime in Connecticut,Wikimedia category page,None,None,维基媒体项目分类,None,Crime
Q8427394,Category:Crime in Guinea-Bissau,Wikimedia category page,None,None,维基媒体项目分类,None,Crime
Q8427527,Category:Crime in Nicaragua,Wikimedia category page,None,Category:尼加拉瓜罪案,维基媒体项目分类,None,Crime
Q5308138,Driving without due care and attention,None,None,None,None,None,Crime
Q5023193,death marches,None,None,None,None,None,Crime
Q5185281,Crime in Canada,None,None,None,None,None,Crime
Q7999458,Category:Crime in Paraguay,Wikimedia category page,None,None,维基媒体项目分类,None,Crime
Q7999506,Category:Crime in Slovakia,Wikimedia category page,None,None,维基媒体项目分类,None,Crime
Q30617159,Category:December 2014 crimes,Wikimedia category,None,None,维基媒体分类,None,Crime
Q30617264,Category:May 2010 crimes,Wikimedia category,None,None,维基媒体分类,None,Crime
Q24702438,possession of a firearm with intent to commit an indictable offence,crime in England and Wales,None,None,None,None,Crime
Q6614539,Category:Crime by country,Wikimedia category,None,Category:各國罪案,维基媒体项目分类,None,Crime
Q7075554,obtaining property by deception,criminal offence,None,None,None,None,Crime
Q7079040,offence against the person,None,offences against the person,侵害人身罪行,None,None,Crime
Q8427377,Category:Crime in Estonia,Wikimedia category,None,None,维基媒体项目分类,None,Crime
Q8427483,Category:Crime in Massachusetts,Wikimedia category,None,None,维基媒体项目分类,None,Crime
Q8427490,Category:Crime in Missouri,Wikimedia category,None,Category:密苏里州罪案,维基媒体项目分类,None,Crime
Q8427517,Category:Crime in New York,Wikimedia category,None,Category:纽约州罪案,维基媒体项目分类,None,Crime
Q4115387,Karun Treasure,Treasure amassed by Croesus,Lydian Hoard,None,None,None,Crime
Q4797280,Art theft and looting during World War II,None,None,None,None,None,Crime
Q10246344,Category:Crime in Indiana,Wikimedia category,None,None,维基媒体项目分类,None,Crime
Q42866789,illegal drug manufacturing,None,None,None,None,None,Crime
Q11707043,Category:Crime in Minnesota,Wikimedia category,None,None,维基媒体项目分类,None,Crime
Q47994469,Miért beszél annyit Mrs. Piper?,1967 Hungarian TV movie based on the play titled Busybody of Jack Popplewell directed by Éva Zsurzs,Busybody,None,None,None,Crime
Q151900,money laundering,Process of transforming profits of crime and corruption into ostensibly legitimate assets,None,洗錢,None,洗黑錢,Crime
Q1175437,David MacDonald,"Scottish film director, writer and producer",None,None,None,None,Crime
Q914841,Frontier justice,extrajudicial punishment,street justice,None,None,None,Crime
Q8427301,Category:Crime in Brunei,Wikimedia category,None,None,维基媒体项目分类,None,Crime
Q8427359,Category:Crime in East Timor,Wikimedia category,None,None,维基媒体项目分类,None,Crime
Q8427506,Category:Crime in Nevada,Wikimedia category,None,None,维基媒体项目分类,None,Crime
Q8427648,Category:Crime in Virginia,Wikimedia category,None,Category:弗吉尼亚州罪案,维基媒体项目分类,Category:弗吉尼亚州案件,Crime
Q8427666,Category:Crime in the European Union,Wikimedia category,None,None,维基媒体项目分类,None,Crime
Q7771908,The Valachi Papers,book by Peter Maas,None,None,None,None,Crime
Q7999363,Category:Crime in Spain,Wikimedia category page,None,Category:西班牙罪案,维基媒体项目分类,None,Crime
Q30617220,Category:February 2016 crimes in North America,Wikimedia category,None,None,维基媒体分类,None,Crime
Q36034040,Category:January 2012 crimes,Wikimedia category,None,None,维基媒体分类,None,Crime
Q30110004,Blockbuster,2017 film by Roman Volobuev,None,None,None,None,Crime
Q187436,bribery,act of giving money or gift giving that alters the behavior of the recipient,None,賄賂,None,贿赂,Crime
Q1520311,violent crime,crime in which an offender uses or threatens force upon a victim,crime of violence,暴力罪行,None,None,Crime
Q3509042,Tunneling,financial fraud,tunnelling,掏空,None,None,Crime
Q4846665,Crime that Changed Serbia,1995 documentary film,None,None,None,None,Crime
Q6213320,Category:Crime in Sri Lanka,Wikimedia category page,None,None,维基媒体项目分类,None,Crime
Q6406123,The Devil's Discus,The Devil’s Discus,None,None,None,None,Crime
Q6343727,Category:Crime in Colombia,Wikimedia category,None,None,维基媒体项目分类,None,Crime
Q8427287,Category:Crime in Benin,Wikimedia category,None,None,维基媒体项目分类,None,Crime
Q8427290,Category:Crime in Bermuda,Wikimedia category,None,None,维基媒体项目分类,None,Crime
Q8427294,Category:Crime in Botswana,Wikimedia category,None,None,维基媒体项目分类,None,Crime
Q8427531,Category:Crime in North Carolina,Wikimedia category,None,None,维基媒体项目分类,None,Crime
Q8427669,Category:Crime in the Federated States of Micronesia,Wikimedia category,None,None,维基媒体项目分类,None,Crime
Q5025965,Cameo Murders,book by Barry Shortall,None,None,None,None,Crime
Q9127097,Category:Crime in Yugoslavia,Wikimedia category,None,Category:南斯拉夫罪案,维基媒体项目分类,None,Crime
Q47067502,Karl Klemm,German art dealer and auction house owner,Karl Friedrich Klemm,None,None,None,Crime
Q135010,war crime,serious violation of the laws of war,war crimes,战争罪,None,战争罪行,Crime
Q896988,Parasitism,pejorative that is leveled against a group or class which is considered to be detrimental to society,parasitism,None,None,None,Crime
Q12761956,affair,"nasty, dark, embarrassing or scandalous matter",None,None,討厭，黑暗，尷尬或醜聞,None,Crime
Q10968653,banditry,None,None,盜賊,None,土匪,Crime
Q10246402,Category:Crime in Pennsylvania,Wikimedia category,None,None,维基媒体项目分类,None,Crime
Q178844,Felony,serious crime,None,重罪,None,重刑罪,Crime
Q20924278,Category:Crime in South Sudan,Wikimedia category,None,None,维基媒体项目分类,None,Crime
Q16193899,Thuyet Buon Vua,businessman,None,None,None,None,Crime
Q27149897,Category:August 2015 crimes,Wikimedia category,None,None,维基媒体项目分类,None,Crime
Q30876663,Category:September 2016 crimes in Asia,Wikimedia category,None,None,维基媒体分类,None,Crime
Q37656845,Category:May 2016 crimes in Europe,Wikimedia category,None,None,维基媒体分类,None,Crime
Q2785824,solicitation,"act of offering or attempting to purchase goods or services, often illegally",None,None,None,None,Crime
Q2853058,anthropophagy,practice of humans eating the flesh or internal organs of other human beings,human cannibalism,食人,None,None,Crime
Q8427320,Category:Crime in Cape Verde,Wikimedia category,None,None,维基媒体项目分类,None,Crime
Q8427365,Category:Crime in Equatorial Guinea,Wikimedia category,None,None,维基媒体项目分类,None,Crime
Q8427385,Category:Crime in Europe,Wikimedia category,None,Category:欧洲罪案,维基媒体项目分类,None,Crime
Q8427500,Category:Crime in Namibia,Wikimedia category,None,None,维基媒体项目分类,None,Crime
Q8427637,Category:Crime in Uruguay,Wikimedia category,None,None,维基媒体项目分类,None,Crime
Q6875906,misprision,failure to report a crime,None,None,None,None,Crime
Q7075553,Obtaining a money transfer by deception,offence,None,None,None,None,Crime
Q5707471,Hellfire,song from Disney's The Hunchback of Notre Dame,None,None,None,None,Crime
Q30616971,Category:March 2016 crimes in Europe,Wikimedia category,None,None,维基媒体分类,None,Crime
Q26204083,Category:May 2016 crimes,Wikimedia category,None,None,维基媒体分类,None,Crime
Q83267,Crime,unlawful act forbidden and punishable by criminal law,hoodlum,罪行,違反刑法的有害行為,犯罪行为,Crime
