ori_id,name,descriptions,aliases,name_zh,descriptions_zh,aliases_zh,:LABEL
Q8348813,侯水盛,None,None,侯水盛,None,None,Democratic_Progressive_Party
Q8349640,劉俊秀,None,None,劉俊秀,None,None,Democratic_Progressive_Party
Q8349807,林忠正,None,None,林忠正,None,None,Democratic_Progressive_Party
Q8349879,Lin Yun-sheng,None,None,林耘生,None,None,Democratic_Progressive_Party
Q8350279,Tsai Chi-chang,politician,None,蔡其昌,None,None,Democratic_Progressive_Party
Q8350293,Michael Tsai,Taiwanese politician,None,蔡明憲,None,None,Democratic_Progressive_Party
Q8038942,Wu Nai-ren,Tawainese Politician,Wu Nairen,吳乃仁,台湾政治人物,吴乃仁,Democratic_Progressive_Party
Q8347529,Lin Chih-chien,Taiwanese politician,Lin Zhijian,林智堅,台湾政治人物,林智坚,Democratic_Progressive_Party
Q8349002,許嘉恬,None,None,許嘉恬,None,None,Democratic_Progressive_Party
Q8349398,莊和子,None,None,莊和子,None,None,Democratic_Progressive_Party
Q8349585,林一方,None,None,林一方,None,None,Democratic_Progressive_Party
Q8350030,Icyang Parod,Taiwanese Amis politician,Liu Wen-hsiung,夷將·拔路兒,None,夷將拔路兒,Democratic_Progressive_Party
Q8350045,Peng Wan-ru,Taiwanese politician,None,彭婉如,None,None,Democratic_Progressive_Party
Q8350671,Yin Ling- ying,None,None,尹伶瑛,None,None,Democratic_Progressive_Party
Q8350707,You Yinglong,Taiwanese political scientist,Michael You,游盈隆,台湾政治学者,None,Democratic_Progressive_Party
Q22773998,Karen Yu,Taiwanese politician,None,余宛如,None,None,Democratic_Progressive_Party
Q551904,Su Tseng-chang,Taiwanese politician,Su Zhenchang,蘇貞昌,台湾政治人物,電火球,Democratic_Progressive_Party
Q8272187,Chiu Chuang-liang,None,None,邱創良,None,None,Democratic_Progressive_Party
Q8272698,傅正,None,None,傅正,None,None,Democratic_Progressive_Party
Q8347900,陳忠信,None,None,陳忠信,None,None,Democratic_Progressive_Party
Q8348203,Tu Wen-ching,Taiwanese politician,杜文卿,杜文卿,None,None,Democratic_Progressive_Party
Q8350435,Wu Yi-chen,politician,None,吳宜臻,None,None,Democratic_Progressive_Party
Q8350445,吳富貴,None,None,吳富貴,None,None,Democratic_Progressive_Party
Q8350543,Wang Jung-chang,Taiwanese politician,Wang Rongzhang,王榮璋,None,None,Democratic_Progressive_Party
Q8350893,Liao Pen-yen,politician,"Liao, Pen-Yen",廖本煙,None,None,Democratic_Progressive_Party
Q8351731,Peng Pai-hsien,Taiwanese politician,None,彭百顯,None,None,Democratic_Progressive_Party
Q8272571,Chiou Lien-hui,None,None,邱連輝,None,None,Democratic_Progressive_Party
Q8347378,Chou Ya-shu,None,None,周雅淑,None,None,Democratic_Progressive_Party
Q8347775,Chiu Yi-ying,Taiwanese politician,Qiu Yiying,邱議瑩,台湾政治人物,邱议莹,Democratic_Progressive_Party
Q8349626,李倩萍,politician,None,李倩萍,None,李倩萍,Democratic_Progressive_Party
Q8350712,游祥耀,politician,None,游祥耀,None,None,Democratic_Progressive_Party
Q8351130,鍾年晃,None,None,鍾年晃,None,None,Democratic_Progressive_Party
Q8351402,陳耀昌,None,None,陳耀昌,None,None,Democratic_Progressive_Party
Q8351713,廖學廣,None,None,廖學廣,None,None,Democratic_Progressive_Party
Q7198343,Chen Ying,Taiwanese politician,None,陳瑩,台湾政治人物,陈莹,Democratic_Progressive_Party
Q6311201,Chen Chih-chung,Taiwanese politician,Chen Zhizhong,陳致中,台湾政治人物,陈致中,Democratic_Progressive_Party
Q8347424,Chang Hsueh-shun,None,None,張學舜,None,None,Democratic_Progressive_Party
Q8348977,許又銘,None,None,許又銘,None,None,Democratic_Progressive_Party
Q8349547,Koo Kwang-ming,Taiwanese businessman and independence activist,Gu Guanmin,辜寬敏,None,None,Democratic_Progressive_Party
Q8349686,廖永來,None,None,廖永來,None,None,Democratic_Progressive_Party
Q8349837,林樹山,politician,None,林樹山,None,None,Democratic_Progressive_Party
Q8350007,賴燕雪,politician,None,賴燕雪,None,頼燕雪,Democratic_Progressive_Party
Q8350759,顏萬進,None,None,顏萬進,None,None,Democratic_Progressive_Party
Q8351107,Cheng Li-chun,Taiwanese politician,Zheng Lijun,鄭麗君,台湾政治人物,郑丽君,Democratic_Progressive_Party
Q8372533,Category:Democratic Progressive Party,Wikimedia category,None,Category:民主進步黨,维基媒体项目分类,None,Democratic_Progressive_Party
Q233984,Tsai Ing-wen,President of the Republic of China,Cai Yingwen,蔡英文,第14任中華民國總統,None,Democratic_Progressive_Party
Q28410422,Hung Yao-fu,Taiwanese politician,Hong Yaofu,洪耀福,台湾政治人物,None,Democratic_Progressive_Party
Q706735,Hsu Hsin-liang,Taiwanese politician,Xu Xinliang,許信良,台湾政治人物,许信良,Democratic_Progressive_Party
Q700752,Bi-khim Hsiao,Taiwanese politician,None,蕭美琴,None,None,Democratic_Progressive_Party
Q8357043,陳東騰,None,None,陳東騰,臺灣民主運動人士,None,Democratic_Progressive_Party
Q8357125,Cheng Yun-peng,Taiwanese politician,None,鄭運鵬,None,None,Democratic_Progressive_Party
Q8348863,徐慶元,None,None,徐慶元,None,None,Democratic_Progressive_Party
Q8349481,鄭朝明,None,None,鄭朝明,None,None,Democratic_Progressive_Party
Q8349662,Liu I,Taiwan politician,None,劉益昌,None,None,Democratic_Progressive_Party
Q8349672,劉進興,None,None,劉進興,None,None,Democratic_Progressive_Party
Q8349768,Lin Tai-hua,politician,None,林岱樺,None,None,Democratic_Progressive_Party
Q8349970,Lan Mei-chin,Taiwanese politician,None,藍美津,None,None,Democratic_Progressive_Party
Q3846662,Kuan Bi-ling,Taiwanese politician,Bi-ling Kuan,管碧玲,台湾政治人物,管媽,Democratic_Progressive_Party
Q8347574,Lee Chun-yi,politician,None,李俊俋,None,None,Democratic_Progressive_Party
Q8348841,Hsu Kuo-yung,Taiwanese politician,Xu Guoyong,徐國勇,台湾政治人物,徐国勇,Democratic_Progressive_Party
Q8349243,黃劍輝,None,None,黃劍輝,None,None,Democratic_Progressive_Party
Q8349755,Lin Kuang-hua,None,None,林光華,None,None,Democratic_Progressive_Party
Q8350353,曾智勇,None,None,曾智勇,None,None,Democratic_Progressive_Party
Q8350383,童瑞陽,None,None,童瑞陽,None,None,Democratic_Progressive_Party
Q8350743,顏文章,None,None,顏文章,None,None,Democratic_Progressive_Party
Q8350824,Ho Po-wen,politician,None,何博文,None,None,Democratic_Progressive_Party
Q8351496,Chien Hsi-chieh,Taiwanese politician,Chen Gene-tzn,簡錫堦,None,None,Democratic_Progressive_Party
Q8274428,Lin Cheng-chieh,Taiwanese politician,None,林正杰,None,None,Democratic_Progressive_Party
Q8272119,Chen Shimeng,Taiwanese politician,None,陳師孟,台湾政治人物,陈师孟,Democratic_Progressive_Party
Q28416299,Huang Chongyan,Taiwanese politician,None,黃重諺,台湾政治人物,黄重谚,Democratic_Progressive_Party
Q698464,Hsu Tain-tsair,Taiwanese politician,None,許添財,None,None,Democratic_Progressive_Party
Q708121,Shih Ming-teh,Taiwanese politician,Shi Mingde,施明德,台湾政治人物,許一文,Democratic_Progressive_Party
Q4505147,Winston Dang,taiwanese politician,None,陳重信,None,None,Democratic_Progressive_Party
Q8272200,Chen Che-nan,Taiwanese politician,Chen Zhenan,陳哲男,台湾政治人物,陈哲男,Democratic_Progressive_Party
Q8347110,Chou Huey-ying,politician,None,周慧瑛,None,None,Democratic_Progressive_Party
Q8347718,Chiu Chi-wei,Taiwanese politician,None,邱志偉,None,None,Democratic_Progressive_Party
Q8348768,Mark Ho,None,None,何敏豪,None,None,Democratic_Progressive_Party
Q8349911,Edgar Lin,"Taiwanese biologist, environmentalist, diplomat and politician",None,林俊義,None,None,Democratic_Progressive_Party
Q8349957,Lu Tien-ling,politician,None,盧天麟,None,None,Democratic_Progressive_Party
Q8351204,"Jou, Yi-Cheng",None,None,周奕成,None,None,Democratic_Progressive_Party
Q8351225,蔡式淵,None,None,蔡式淵,None,None,Democratic_Progressive_Party
Q5067753,Chai Trong-rong,Taiwanese politician,Trong Chai,蔡同荣,台湾政治人物,蔡公投,Democratic_Progressive_Party
Q11068408,Chang Teh-ming,Taiwanese politician,Zhang Deming,張德銘,None,None,Democratic_Progressive_Party
Q8349077,Hsu Chih-chieh,Taiwanese politician,None,許智傑,None,None,Democratic_Progressive_Party
Q8350110,Pan Meng-an,Taiwan politician,None,潘孟安,None,None,Democratic_Progressive_Party
Q8350806,Chang Hung-lu,Taiwanese politician,None,張宏陸,None,None,Democratic_Progressive_Party
Q8351477,侯海熊,None,None,侯海熊,None,None,Democratic_Progressive_Party
Q8351480,Hsu Chih-ming,None,None,徐志明,None,None,Democratic_Progressive_Party
Q51944694,Hsu Li-ming,Taiwanese politician,None,許立明,台湾政治家,None,Democratic_Progressive_Party
Q18109661,Hsu Chia-ching,Taiwanese politician,Xu Jiaqing,徐佳青,台湾政治人物,None,Democratic_Progressive_Party
Q5090859,Chen Ming-Wen,Taiwanese politician,None,陳明文,None,None,Democratic_Progressive_Party
Q700774,Su Chia-chyuan,Taiwanese politician,Su Jiaquan,蘇嘉全,台湾政治人物,苏嘉全,Democratic_Progressive_Party
Q58269,Etta Banda,Malawian politician,None,None,None,None,Democratic_Progressive_Party
Q8273463,何嘉榮,None,None,何嘉榮,None,None,Democratic_Progressive_Party
Q8350321,Tsai Huang-liang,Taiwanese politician,None,蔡煌瑯,None,None,Democratic_Progressive_Party
Q8351614,Shen Fu-hsiung,Taiwanese politician,Shen Fuxiong,沈富雄,台湾政治人物,None,Democratic_Progressive_Party
Q8348590,Hsieh Tsung-min,Taiwanese politician,Xie Congmin,謝聰敏,None,None,Democratic_Progressive_Party
Q8349186,謝欣霓,None,None,謝欣霓,None,None,Democratic_Progressive_Party
Q8349591,林朝寶,None,None,林朝寶,None,None,Democratic_Progressive_Party
Q24851716,Chang Tien-chin,Taiwanese politician,Zhang Tianqin,張天欽,台湾政治人物,张天钦,Democratic_Progressive_Party
Q8348328,Julian Kuo,Taiwanese politician,None,郭正亮,台灣政治人物,None,Democratic_Progressive_Party
Q8348653,Huang Wei-cher,Taiwanese politician,Huang Weizhe,黃偉哲,台湾政治人物,黄伟哲,Democratic_Progressive_Party
Q8349706,李建昌,politician,None,李建昌,None,李建昌,Democratic_Progressive_Party
Q8349725,李明憲 (政治人物),None,None,李明憲 (政治人物),None,None,Democratic_Progressive_Party
Q8350512,王兆釧,None,None,王兆釧,None,None,Democratic_Progressive_Party
Q8350774,Yen Chin-fu,None,None,顏錦福,None,None,Democratic_Progressive_Party
Q8350943,林國慶,None,None,林國慶,None,None,Democratic_Progressive_Party
Q8351364,邱永仁,politician,None,邱永仁,None,None,Democratic_Progressive_Party
Q8351754,翁明志,None,None,翁明志,None,None,Democratic_Progressive_Party
Q8347179,Stephen Chung,Taiwanese politician,Zhong Jinjiang,鍾金江,None,None,Democratic_Progressive_Party
Q13408438,Chen Ming-tong,Taiwanese politician,Chen Mingtong,陳明通,台湾政治人物,陈明通,Democratic_Progressive_Party
Q15901623,Frida Tsai,Taiwanese politician,Tsai Pei-hui,蔡培慧,None,None,Democratic_Progressive_Party
Q8349597,林秀惠,politician,None,林秀惠,None,林秀惠,Democratic_Progressive_Party
Q8349962,Lan Shih-tsung,Taiwanese politician,None,藍世聰,None,None,Democratic_Progressive_Party
Q8350070,Peng Tien-fu,None,None,彭添富,None,None,Democratic_Progressive_Party
Q8350930,Li Shun-liang,None,None,李順涼,None,None,Democratic_Progressive_Party
Q8351236,蔡文斌,None,None,蔡文斌,None,None,Democratic_Progressive_Party
Q8351569,Lin Weizhou,Taiwanese politician,None,林為洲,台湾政治人物,林为洲,Democratic_Progressive_Party
Q8351814,Chung Chia-pin,politician,None,鍾佳濱,None,None,Democratic_Progressive_Party
Q8357028,Chiu Tai-san,None,None,邱太三,None,None,Democratic_Progressive_Party
Q8357157,Lin Wen-lang,None,None,林文郎,None,None,Democratic_Progressive_Party
Q706728,Chiang Peng-chien,Taiwanese politician,Jiang Pengjian,江鵬堅,台湾政治人物,江鹏坚,Democratic_Progressive_Party
Q6653724,Liu Shou-ch'eng,Taiwanese politician,Liu Shou-cheng,劉守成,台湾政治人物,刘守成,Democratic_Progressive_Party
Q6311263,Chen Hsing-yu,daughter of Chen Shui-bian,Chen Xingyu,陳幸妤,陈水扁之女,陈幸妤,Democratic_Progressive_Party
Q8350635,Yu Cheng-hsien,Taiwanese politician,None,余政憲,None,None,Democratic_Progressive_Party
Q8350662,Yao Jen-to,Taiwanese politician,Yao Renduo,姚人多,台湾政治人物,None,Democratic_Progressive_Party
Q8350841,Liu Jinchang,None,None,劉錦昌,None,None,Democratic_Progressive_Party
Q8347358,Chou Ching-yu,politician,None,周清玉,None,None,Democratic_Progressive_Party
Q8347919,Chen Hsien-chung,None,None,陳憲中,None,None,Democratic_Progressive_Party
Q8348353,Kuo Wen-cheng,None,None,郭玟成,None,None,Democratic_Progressive_Party
Q8348889,徐景文 (台灣),None,None,徐景文 (台灣),None,None,Democratic_Progressive_Party
Q8349564,Kang Ning-hsiang,None,None,康寧祥,None,None,Democratic_Progressive_Party
Q8347225,陳宗義,None,None,陳宗義,None,None,Democratic_Progressive_Party
Q8348051,Chen Tsang-Chiang,Taiwanese politician,Chen Cangjiang,陳滄江,台湾政治人物,陈沧江,Democratic_Progressive_Party
Q8348102,陳義信,baseball player,None,陳義信,None,None,Democratic_Progressive_Party
Q24292180,Tien Chih-hsuan,Taiwanese politician,None,田智宣,Taiwanese politician,None,Democratic_Progressive_Party
Q8349262,Huang Huang-hsiung,Taiwanese politician,Huang Huangxiong,黃煌雄,台湾政治人物,黄煌雄,Democratic_Progressive_Party
Q8349657,Liu Wen-hsiung,Taiwanese politician; member of the Democratic Progressive Party,None,劉文雄 (臺中市),None,None,Democratic_Progressive_Party
Q8349734,Lee Chin-yung,Taiwan politician,Li Jinyong,李進勇,台湾政治人物,李进勇,Democratic_Progressive_Party
Q8350306,Tien Chiu-chin,politician,None,田秋堇,None,None,Democratic_Progressive_Party
Q8351469,何金松,None,None,何金松,None,None,Democratic_Progressive_Party
Q700825,Chang Wen-ing,Mayor of Taichung,None,張溫鷹,None,None,Democratic_Progressive_Party
Q22368,Chen Shui-bian,Taiwanese politician,Chen Shuibian,陳水扁,台灣政治人物,陈水扁,Democratic_Progressive_Party
Q8350686,Yang Yao,politician,None,楊曜,None,None,Democratic_Progressive_Party
Q8351421,Fan Chen-tsung,Taiwanese politician,None,范振宗,None,None,Democratic_Progressive_Party
Q8351531,Lin Tsung-nan,None,None,林宗男 (政治人物),None,None,Democratic_Progressive_Party
Q8351774,Chien-Fa Yen,None,None,顏建發,None,None,Democratic_Progressive_Party
Q8347259,陳昭南,None,None,陳昭南,None,None,Democratic_Progressive_Party
Q8347429,Chang Chuan-tien,Taiwanese politician,None,張川田,None,None,Democratic_Progressive_Party
Q8347549,曹來旺,None,None,曹來旺,None,None,Democratic_Progressive_Party
Q8347595,蔡介雄,None,None,蔡介雄,None,None,Democratic_Progressive_Party
Q8347798,陳世凱,politician,None,陳世凱,None,None,Democratic_Progressive_Party
Q8348414,Gao Jiayu,Taiwanese politician,None,高嘉瑜,台湾政治人物,None,Democratic_Progressive_Party
Q10097841,Template:Democratic Progressive Party,None,None,Template:民主进步党,None,None,Democratic_Progressive_Party
Q28132579,Ho Pei-shan,politician,None,None,None,None,Democratic_Progressive_Party
Q4846081,Su Huan-chih,Magistrate of Tainan County,None,蘇煥智,None,None,Democratic_Progressive_Party
Q8357111,Jhy-wey Hsieh,politician,Jhy-wey Shieh,謝志偉 (台灣),None,None,Democratic_Progressive_Party
Q8272388,Fei Hsi-ping,None,None,費希平,None,None,Democratic_Progressive_Party
Q8348259,Fan Lai-chin,None,None,方來進,None,None,Democratic_Progressive_Party
Q8348788,Ho Hsin-chun,Taiwanese politician,None,何欣純,None,None,Democratic_Progressive_Party
Q8349326,Chien Yu-yien,Taiwanese politician,None,簡余晏,None,None,Democratic_Progressive_Party
Q8349956,Lu Po-chi,None,None,盧博基,None,None,Democratic_Progressive_Party
Q8349983,Lie Kuen-cheng,None,None,賴坤成,None,None,Democratic_Progressive_Party
Q8350560,Alice Wang,politician,None,王雪峰 (台灣),None,None,Democratic_Progressive_Party
Q8351737,楊智淵,None,None,楊智淵,None,None,Democratic_Progressive_Party
Q8351790,Ruan Jhao-syong,politician,None,阮昭雄,None,None,Democratic_Progressive_Party
Q7967625,Wang Shu-hui,Taiwanese politician,None,王淑慧,None,None,Democratic_Progressive_Party
Q8347665,趙天麟,Taiwanese politician,None,趙天麟,None,None,Democratic_Progressive_Party
Q8348532,許水彬,None,None,許水彬,None,None,Democratic_Progressive_Party
Q8349613,Lo Chih-cheng,politician,None,羅致政,None,None,Democratic_Progressive_Party
Q8349628,李婉鈺,politician,None,李婉鈺,None,李婉鈺,Democratic_Progressive_Party
Q8349630,李文英,None,None,李文英,None,None,Democratic_Progressive_Party
Q9045063,Tsao Chi-hung,Taiwanese politician,None,曹啟鴻,None,None,Democratic_Progressive_Party
Q8969972,Ho Mei-yueh,Taiwan politician,None,何美玥,None,None,Democratic_Progressive_Party
Q7967628,Wang Sing-nan,Taiwanese politician,None,王幸男,None,None,Democratic_Progressive_Party
Q8350626,Yu Tian,Taiwanese singer and politician,Yu Tien,余天,None,None,Democratic_Progressive_Party
Q8351069,許應深,None,None,許應深,None,None,Democratic_Progressive_Party
Q8351408,陳列,None,None,陳列,None,None,Democratic_Progressive_Party
Q8351663,Yeh Yao-peng,None,None,葉耀鵬,None,None,Democratic_Progressive_Party
Q8357076,Kuo June-tsung,politician,None,郭榮宗,None,None,Democratic_Progressive_Party
Q8347212,陳宗仁,None,None,陳宗仁,None,None,Democratic_Progressive_Party
Q8347506,Helen Chang,Taiwanese politician,Zhang Huaguan,張花冠,台湾政治人物,张花冠,Democratic_Progressive_Party
Q8348025,陳永福,None,None,陳永福,None,None,Democratic_Progressive_Party
Q8348511,何敏誠,politician,None,何敏誠,None,None,Democratic_Progressive_Party
Q8349521,Cheng Kuei-lien,politician,None,鄭貴蓮,None,None,Democratic_Progressive_Party
Q8350142,施明雄,None,None,施明雄,None,None,Democratic_Progressive_Party
Q707648,Mark Chen,Taiwanese politician,Mark Chen Tang-shan,陳唐山,None,None,Democratic_Progressive_Party
Q6393270,Ker Chien-ming,Taiwanese politician,Ke Jianming,柯建銘,台湾政治人物,柯建铭,Democratic_Progressive_Party
Q8347638,Tsai Shih-ying,politician,None,蔡適應,None,None,Democratic_Progressive_Party
Q8349420,Chuang Suo-hang,None,None,莊碩漢,None,None,Democratic_Progressive_Party
Q8349946,梁牧養,None,None,梁牧養,None,None,Democratic_Progressive_Party
Q8351622,蕭貫譽,None,None,蕭貫譽,None,None,Democratic_Progressive_Party
Q8351650,魏耀乾,None,None,魏耀乾,None,None,Democratic_Progressive_Party
Q8351701,Ju Gau-jeng,Taiwanese politician,Zhu Gaozheng,朱高正,台湾政治人物,None,Democratic_Progressive_Party
Q5103333,Cho Chun-ying,Taiwanese politician,None,卓春英,None,None,Democratic_Progressive_Party
Q5072726,Chao Chien-ming,Taiwanese physician,Zhao Jianming,趙建銘,台湾医生,赵建铭,Democratic_Progressive_Party
Q5090717,Chen Chi-mai,Taiwanese politician,Chen Qimai,陳其邁,台湾政治人物,陈其迈,Democratic_Progressive_Party
Q22774129,Lin Ching-yi,Taiwanese politician,Lin Jingyi,林靜儀,台湾政治人物,林静仪,Democratic_Progressive_Party
Q6310828,Chairperson of the Democratic Progressive Party,None,Chairpersons of the Democratic Progressive Party,民主進步黨主席,None,民进党主席,Democratic_Progressive_Party
Q7250870,周柏雅,politician,None,周柏雅,None,None,Democratic_Progressive_Party
Q7682659,Tang Bi-a,Taiwanese politician,None,唐碧娥,None,None,Democratic_Progressive_Party
Q8347086,巴燕·達魯,None,None,巴燕·達魯,None,None,Democratic_Progressive_Party
Q8347296,Chen Li-chen,Taiwanese politician,None,陳麗貞,None,None,Democratic_Progressive_Party
Q8347862,Chen Chi-nan,Taiwanese anthropologist,Chen Qinan,陳其南,台湾人类学家,陈其南,Democratic_Progressive_Party
Q8348951,Hsueh Ling,Taiwanese politician,None,薛凌,None,None,Democratic_Progressive_Party
Q8349436,Eugene Jao,Taiwanese politician,Eugene Jao Yung-ching,趙永清,None,None,Democratic_Progressive_Party
Q8350091,Perng Shaw-jiin,lawyer,None,彭紹瑾,None,None,Democratic_Progressive_Party
Q22099954,Kolas Yotaka,Taiwanese politician,Ye Guanling,谷辣斯‧尤達卡,台湾政治人物,叶冠伶,Democratic_Progressive_Party
Q5116472,Chuo Rung-tai,Taiwanese politician,Zhuo Rongtai,卓榮泰,台湾政治人物,卓荣泰,Democratic_Progressive_Party
Q8272551,李顯榮,None,None,李顯榮,None,None,Democratic_Progressive_Party
Q8277468,吳勇雄,None,None,吳勇雄,None,None,Democratic_Progressive_Party
Q8350171,Shih Yi-fang,politician,None,施義芳,None,None,Democratic_Progressive_Party
Q8350180,Shen Fa-hui,politician,None,沈發惠,None,None,Democratic_Progressive_Party
Q8351182,Yen Sheng-kuan,politician,None,顏聖冠,None,None,Democratic_Progressive_Party
Q8347319,Chang Liao Wan-chien,Taiwanese politician,None,張廖萬堅,None,None,Democratic_Progressive_Party
Q8348181,Chen Chin-te,Taiwanese politician,Chen Jinde,陳金德,台湾政治人物,陈金德,Democratic_Progressive_Party
Q8348633,Huang Jen-shu,politician,None,黃仁杼,None,None,Democratic_Progressive_Party
Q8349204,謝錦川,politician,None,謝錦川,None,None,Democratic_Progressive_Party
Q8349303,David Huang,Taiwanese politician,None,黃適卓,None,None,Democratic_Progressive_Party
Q8349699,李世斌,politician,None,李世斌,None,李世斌,Democratic_Progressive_Party
Q697981,Ng Chiau-tong,Taiwanese politician,Huang Zhaotang,黃昭堂,台湾政治人物,黄昭堂,Democratic_Progressive_Party
Q11128853,flag of Democratic Progressive Party,"flag used by the Democratic Progressive Party, Taiwan",None,民主進步黨黨旗,None,None,Democratic_Progressive_Party
Q8349347,Chiang Chao-i,None,Charles Chiang,江昭儀,None,None,Democratic_Progressive_Party
Q8349924,梁文傑,politician,None,梁文傑,None,None,Democratic_Progressive_Party
Q8351000,洪建益,politician,None,洪建益,None,None,Democratic_Progressive_Party
Q8347274,Chen Hsiu-hui,politician,None,陳秀惠,None,None,Democratic_Progressive_Party
Q8347743,邱莉莉,politician,None,邱莉莉,None,None,Democratic_Progressive_Party
Q8348118,Chen Mao-nan,None,None,陳茂男,None,None,Democratic_Progressive_Party
Q8350699,楊長鎮,None,None,楊長鎮,None,None,Democratic_Progressive_Party
Q8350952,楊蕙如,None,None,楊蕙如,None,None,Democratic_Progressive_Party
Q8351392,Chen Yung-hsing,politician,None,陳永興,None,None,Democratic_Progressive_Party
Q8348157,陳道明 (立法委員),None,None,陳道明 (立法委員),None,None,Democratic_Progressive_Party
Q8349465,Cheng Wen-tsan,Taiwan politician,Zheng Wencan,鄭文燦,台湾政治人物,郑文灿,Democratic_Progressive_Party
Q8349604,Lin Hsi-yao,Taiwanese politician,Lin Xiyao,林錫耀,台湾政治人物,林锡耀,Democratic_Progressive_Party
Q8349853,Lin Cho-shui,Taiwanese politician,Lin Zhuoshui,林濁水,台湾政治人物,林浊水,Democratic_Progressive_Party
Q8350401,James Tsai,politician,None,蔡仁堅,None,None,Democratic_Progressive_Party
Q8057136,You Ching,Taiwanese poiltcian,You Qing,尤清,台湾政治人物,None,Democratic_Progressive_Party
Q19825781,Su Chiao-hui,Taiwanese lawyer and politician,None,蘇巧慧,台灣政治人物,None,Democratic_Progressive_Party
Q6387919,Ken Kandodo,Malawian politician,None,None,None,None,Democratic_Progressive_Party
Q8272339,Chen Chin-ting,None,Cheng Chin-ting,陳進丁,None,None,Democratic_Progressive_Party
Q8347974,Chen Tsiao-long,None,None,陳朝龍,None,None,Democratic_Progressive_Party
Q8348374,Kao Meng-ting,Taiwanese politician,None,高孟定,None,None,Democratic_Progressive_Party
Q8348674,黃天生,None,None,黃天生,None,None,Democratic_Progressive_Party
Q8349723,Lee Kun-tse,politician,None,李昆澤,None,None,Democratic_Progressive_Party
Q8351172,Chen Fang-ming,Taiwanese academic,None,陳芳明,None,None,Democratic_Progressive_Party
Q8347124,Chang Ching-hui,Taiwanese politician,None,張慶惠,None,None,Democratic_Progressive_Party
Q8347142,蔡雅玲,politician,None,蔡雅玲,None,蔡雅玲,Democratic_Progressive_Party
Q8347460,張瑞山,None,None,張瑞山,None,None,Democratic_Progressive_Party
Q8348719,Huang Chung-yuan,Taiwanese politician,None,黃宗源,None,None,Democratic_Progressive_Party
Q8349872,林瑩蓉,politician,None,林瑩蓉,None,林瑩蓉,Democratic_Progressive_Party
Q8349901,林豐喜,None,None,林豐喜,None,None,Democratic_Progressive_Party
Q8350466,Wu Ming-ming,Taiwanese academic and politician,None,吳明敏,None,None,Democratic_Progressive_Party
Q8350665,Pasuya Yao,Taiwanese politician,Yao Wenzhi,姚文智,台湾政治人物,None,Democratic_Progressive_Party
Q8350693,Yang Fang-wan,Taiwanese lawyer and politician,None,楊芳婉,None,None,Democratic_Progressive_Party
Q8351612,馬永成 (台灣),None,None,馬永成 (台灣),None,None,Democratic_Progressive_Party
Q8357010,朱勝號,None,None,朱勝號,None,None,Democratic_Progressive_Party
Q8357084,Hsu Kuo-tai,Taiwanese politician,None,許國泰,None,None,Democratic_Progressive_Party
Q6146212,Lee I-yang,Taiwanese politician,Li Yiyang,李逸洋,台湾政治人物,None,Democratic_Progressive_Party
Q21449421,Lee Chiao-Ju,politician,None,李喬如,None,李喬如,Democratic_Progressive_Party
Q22137460,DPP presidential ticket for the 2016 Republic of China presidential election,presidential ticket in the 2016 Republic of China presidential election,DPP presidential ticket for Taiwan 2016 presidential election,蔡英文、陳建仁候選名單,2016年中華民國總統選舉的候選名單,None,Democratic_Progressive_Party
Q15909081,Wellington Koo,Taiwanese politician,Gu Lixiong,顧立雄,台湾政治人物,顾立雄,Democratic_Progressive_Party
Q557284,Yang Chuan-kwang,Taiwanese decathlete,None,楊傳廣,None,None,Democratic_Progressive_Party
Q6653712,Liu Shih-fang,Taiwanese politician,Liu Shifang,劉世芳,台湾政治人物,刘世芳,Democratic_Progressive_Party
Q8031967,Wong Chin-chu,Taiwanese politician,None,翁金珠,None,None,Democratic_Progressive_Party
Q8350499,王世勛 (臺灣),politician,None,王世勛 (臺灣),None,None,Democratic_Progressive_Party
Q8357143,Lee Wen-chung,None,None,李文忠 (台灣),None,None,Democratic_Progressive_Party
Q8348300,Jimmy Kuo,None,None,郭俊銘,None,None,Democratic_Progressive_Party
Q472310,Frank Hsieh,Taiwanese politician,Hsieh Chang-ting,謝長廷,中華民國政治人物,谢长廷,Democratic_Progressive_Party
Q706973,Lin Yi-hsiung,Taiwanese politician,Lin Yixiong,林義雄,台湾政治人物,林义雄,Democratic_Progressive_Party
Q30942957,張火爐,politician,None,張火爐,None,None,Democratic_Progressive_Party
Q19849414,Wu Chi-ming,politician,None,吳琪銘,None,None,Democratic_Progressive_Party
Q22947352,Secretary-General of the Democratic Progressive Party,None,None,民主进步党秘书长,None,None,Democratic_Progressive_Party
Q6694853,Lu Hsiu-yi,Taiwanese politician,None,盧修一,None,卢修一,Democratic_Progressive_Party
Q8272779,蔡見興,None,None,蔡見興,None,None,Democratic_Progressive_Party
Q8347099,David Chou,Taiwanese politician,Chou Po-lun,周伯倫,None,None,Democratic_Progressive_Party
Q8350223,蘇震清,politician,None,蘇震清,None,None,Democratic_Progressive_Party
Q8350609,尤宏,None,None,尤宏,None,None,Democratic_Progressive_Party
Q8350751,顏曉菁,politician,None,顏曉菁,None,None,Democratic_Progressive_Party
Q8350817,George Chao Shih-chiang,None,None,趙士強,None,None,Democratic_Progressive_Party
Q8351160,陳淑華,politician,None,陳淑華,None,None,Democratic_Progressive_Party
Q8351349,Chiu Chang,Taiwanese lawyer and politician,Qiu Zhang,邱彰,台湾律师,None,Democratic_Progressive_Party
Q8351488,蕭裕珍,None,None,蕭裕珍,None,None,Democratic_Progressive_Party
Q8357056,Tuan Yi-kang,Taiwanese politician,Duan Yikang,段宜康,台湾政治人物,None,Democratic_Progressive_Party
Q9130647,Yu Mei-nu,Taiwanese politician,None,尤美女,臺灣律師及政治人物,None,Democratic_Progressive_Party
Q9088556,Christine Tsung,politician,None,宗才怡,None,None,Democratic_Progressive_Party
Q8347148,Chao Hsiu-wa,None,None,趙綉娃,None,None,Democratic_Progressive_Party
Q8347483,張秀珍,None,None,張秀珍,None,None,Democratic_Progressive_Party
Q8348700,Huang Tien-fu,Taiwanese politician,None,黃天福 (台灣),None,None,Democratic_Progressive_Party
Q8349116,Hsu Chung Pi-hsia,Taiwanese politician,Hsu Pi-hsia,許鍾碧霞,None,None,Democratic_Progressive_Party
Q8349649,劉文慶,politician,None,劉文慶,None,None,Democratic_Progressive_Party
Q8350331,Tsai Chi-fang,Taiwanese politician,Cai Qifang,蔡啟芳,台湾政治人物,蔡启芳,Democratic_Progressive_Party
Q8350376,田再庭,None,None,田再庭,None,None,Democratic_Progressive_Party
Q8350585,Wei Ting-chao,Taiwanese political activist,None,魏廷朝,None,None,Democratic_Progressive_Party
Q8350727,Yeh Yi-jin,politician,None,葉宜津,None,None,Democratic_Progressive_Party
Q8351019,Chuang Jui-hsiung,politician,None,莊瑞雄,None,None,Democratic_Progressive_Party
Q24175183,Yeh Jiunn-rong,Taiwanese politician,Ye Junrong,葉俊榮,台湾政治人物,叶俊荣,Democratic_Progressive_Party
Q8273248,Chao-ming Chen,politician,None,陳超明,None,None,Democratic_Progressive_Party
Q8350269,Tang Huo-shen,None,None,湯火聖,None,None,Democratic_Progressive_Party
Q8351582,林瑞圖,politician,None,林瑞圖,None,林瑞圖,Democratic_Progressive_Party
Q8348489,高植澎,None,None,高植澎,None,None,Democratic_Progressive_Party
Q8349451,鄭寶清,politician,None,鄭寶清,None,None,Democratic_Progressive_Party
Q6704543,Luo Wen-jia,Taiwanese politician,None,羅文嘉,None,None,Democratic_Progressive_Party
Q707887,Yu Shyi-kun,Taiwanese politician,You Xikun,游錫堃,台湾政治人物,游锡堃,Democratic_Progressive_Party
Q715833,Yao Chia-wen,Taiwanese politician,Yao Jiawen,姚嘉文,台湾政治人物,None,Democratic_Progressive_Party
Q8350523,Wang To-far,None,None,王塗發,None,None,Democratic_Progressive_Party
Q8350647,Yu Mei-mei,None,None,余莓莓,None,None,Democratic_Progressive_Party
Q8350960,江永昌,politician,None,江永昌,None,None,Democratic_Progressive_Party
Q8350980,洪平朗,None,None,洪平朗,None,None,Democratic_Progressive_Party
Q8357053,Chen Chuan-show,None,None,陳全壽,None,None,Democratic_Progressive_Party
Q8357164,林重謨,None,None,林重謨,None,None,Democratic_Progressive_Party
Q8357168,Dr. I-Chung Lai,Taiwanese politician,Lai I-chung,賴怡忠,None,None,Democratic_Progressive_Party
Q6134031,Sisy Chen,Taiwanese politician,None,陳文茜,None,文茜,Democratic_Progressive_Party
Q9185489,Wu Rong-i,Taiwanese politician,None,吳榮義,None,None,Democratic_Progressive_Party
Q698512,Wu Shu-chen,Taiwanese politician,Shu-Chen Wu,吳淑珍,None,吴淑珍,Democratic_Progressive_Party
Q19058548,Huang Kuo-shu,Taiwanese politician,None,黃國書,None,黄國書,Democratic_Progressive_Party
Q22774153,Chen Man-li,politician,Mary Chen; Chen Man-li,陳曼麗,None,None,Democratic_Progressive_Party
Q716782,Peng Ming-min,Taiwanese politician,None,彭明敏,None,None,Democratic_Progressive_Party
Q8350914,Chang Fu-mei,Taiwanese politician,Zhang Fumei,張富美,台湾政治人物,张富美,Democratic_Progressive_Party
Q8351641,王義雄,None,None,王義雄,None,None,Democratic_Progressive_Party
Q8347154,Chiu Chuang-chin,None,None,邱創進,None,None,Democratic_Progressive_Party
Q8348441,Kao Chien-chih,None,None,高建智,None,None,Democratic_Progressive_Party
Q8349619,Lai Chin-lin,None,None,賴勁麟,None,None,Democratic_Progressive_Party
Q8349660,Chao-hao Liu,Taiwanese politician,None,劉櫂豪,None,None,Democratic_Progressive_Party
Q8350363,Twu Shiing-jer,Taiwan politician,Tu Xingzhe,涂醒哲,台湾政治人物,None,Democratic_Progressive_Party
Q5537816,George Chang,Taiwanese politician,None,張燦鍙,None,None,Democratic_Progressive_Party
Q465280,Chen Chu,Taiwanese politician,Chen Ju,陳菊,台湾政治人物,陈菊,Democratic_Progressive_Party
Q256274,Chen Ding-nan,Taiwanese politician,Chen Dingnan,陳定南,台湾政治人物,陈定南,Democratic_Progressive_Party
Q709508,Wang Ding-yu,Taiwanese politician,Wang Ting-yu,王定宇,台湾政治人物,None,Democratic_Progressive_Party
Q8347947,Chen Chin-jun,Taiwanese politician,None,陳景峻,None,None,Democratic_Progressive_Party
Q8349222,鴻義章,None,None,鴻義章,None,None,Democratic_Progressive_Party
Q8349634,林水泉,None,None,林水泉,None,None,Democratic_Progressive_Party
Q8349886,Lin Tsong-shyan,Taiwanese politician,Lin Congxian,林聰賢,台湾政治人物,林聪贤,Democratic_Progressive_Party
Q8350455,Rosalia Wu,Taiwanese politician,Wu Su-yao,吳思瑤,None,None,Democratic_Progressive_Party
Q8350603,許仁圖,None,None,許仁圖,None,None,Democratic_Progressive_Party
Q8351084,郭建平,None,None,郭建平,None,None,Democratic_Progressive_Party
Q8351632,蘇盈貴,None,None,蘇盈貴,None,None,Democratic_Progressive_Party
Q8351676,楊祖珺,None,None,楊祖珺,None,None,Democratic_Progressive_Party
Q7252533,史哲,politician,None,史哲,None,None,Democratic_Progressive_Party
Q6515593,Lee Ying-yuan,Taiwanese politician,Li Yingyuan,李應元,台湾政治人物,李应元,Democratic_Progressive_Party
Q3847080,William Lai,Taiwanese politician,Lai Ching‑te,賴清德,台湾政治人物,赖清德,Democratic_Progressive_Party
Q2667335,Chang Chun-hung,Taiwanese politician,Zhang Junhong,張俊宏,台湾政治人物,张俊宏,Democratic_Progressive_Party
Q8347997,Chen Ou-po,Taiwanese politician,None,陳歐珀,None,None,Democratic_Progressive_Party
Q8348742,Huang Sue-ying,politician,None,黃淑英,None,None,Democratic_Progressive_Party
Q8349100,許淑華,politician,None,許淑華,None,None,Democratic_Progressive_Party
Q8349744,Lee Chen-nan,None,None,李鎮楠,None,None,Democratic_Progressive_Party
Q8350236,Hsieh Ming-yuan,politician,None,謝明源,None,None,Democratic_Progressive_Party
Q8350366,湯金全,None,None,湯金全,None,None,Democratic_Progressive_Party
Q8350388,Tsai Yi-yu,Taiwanese politician,Cai Yiyu,蔡易餘,台湾政治人物,蔡易余,Democratic_Progressive_Party
Q8350640,余政道,politician,None,余政道,None,None,Democratic_Progressive_Party
Q8351463,Hsu Jung-shu,politician,None,許榮淑,None,None,Democratic_Progressive_Party
Q8351543,Liu Yi-te,None,None,劉一德,None,None,Democratic_Progressive_Party
Q26345013,DPP presidential ticket for the 2012 Republic of China presidential election,presidential ticket in the 2012 Republic of China presidential election,None,蔡英文、蘇嘉全候選名單,2012年中華民國總統選舉的候選名單,None,Democratic_Progressive_Party
Q8350478,Wu Ping-jui,Taiwanese politician,Wu Bingrui,吳秉叡,台湾政治人物,吴秉叡,Democratic_Progressive_Party
Q8357095,Hsu Te-hsiang,None,None,許德祥,None,None,Democratic_Progressive_Party
Q8357171,包淳亮,None,None,包淳亮,None,None,Democratic_Progressive_Party
Q8347880,陳啟昱,None,None,陳啟昱,None,None,Democratic_Progressive_Party
Q8349760,林哲夫,None,None,林哲夫,None,None,Democratic_Progressive_Party
Q8350156,Su Dongqi,Taiwanese politician,None,蘇東啟,台湾政治人物,苏东启,Democratic_Progressive_Party
Q6550004,Lin Chia-lung,Taiwanese politician,Lin Jialong,林佳龍,台湾政治人物,林佳龙,Democratic_Progressive_Party
Q5091239,Cheng Li-wen,Taiwanese politician,None,鄭麗文,None,None,Democratic_Progressive_Party
Q708403,Huang Hsin-chieh,Taiwanese politician,Huang Xinjie,黃信介,台湾政治人物,黄信介,Democratic_Progressive_Party
Q6288088,Joseph Wu,Taiwanese politician,Wu Jau-shieh,吳釗燮,台湾政治人物,吴钊燮,Democratic_Progressive_Party
Q8348463,Gao Jyh-peng,politician,None,高志鵬,None,None,Democratic_Progressive_Party
Q8348569,謝志忠,politician,None,謝志忠,None,None,Democratic_Progressive_Party
Q8350592,Wei Ming-ku,Taiwan politician,Wei Minggu,魏明谷,台湾政治人物,None,Democratic_Progressive_Party
Q8350643,Yu Lin-ya,politician,None,余玲雅,None,None,Democratic_Progressive_Party
Q8357048,Chang Ching-fang,None,None,張清芳 (政治人物),None,None,Democratic_Progressive_Party
Q8272785,蕭隆澤,None,None,蕭隆澤,None,None,Democratic_Progressive_Party
Q8274316,李永萍,None,None,李永萍,None,None,Democratic_Progressive_Party
Q6148708,Yeh Chu-lan,Taiwanese politician,Ye Julan,葉菊蘭,台湾政治人物,叶菊兰,Democratic_Progressive_Party
Q8347281,Chen Chieh-ju,Taiwanese politician; member of the Democratic Progressive Party,None,陳節如,None,None,Democratic_Progressive_Party
Q8347303,張漢東,None,None,張漢東,None,None,Democratic_Progressive_Party
Q8347417,Chang Kow-lung,None,None,張國龍,None,None,Democratic_Progressive_Party
Q8347433,張旭成,None,None,張旭成,None,None,Democratic_Progressive_Party
Q8347690,邱垂貞,None,None,邱垂貞,None,None,Democratic_Progressive_Party
Q8348071,陳碧峰,None,None,陳碧峰,None,None,Democratic_Progressive_Party
Q8349444,鄭國忠,None,None,鄭國忠,None,None,Democratic_Progressive_Party
Q8349599,林育生,None,None,林育生,None,None,Democratic_Progressive_Party
Q8349702,Lee Chun-yee,Taiwanese politician,李俊毅,李俊毅,None,None,Democratic_Progressive_Party
Q8350409,翁美春,politician,None,翁美春,None,None,Democratic_Progressive_Party
Q8351511,Cheng Yu-cheng,None,None,鄭余鎮,None,None,Democratic_Progressive_Party
Q8351554,李慶雄,politician,None,李慶雄,None,None,Democratic_Progressive_Party
Q8351707,Chu Hsing-yu,politician,None,朱星羽,None,None,Democratic_Progressive_Party
Q9206928,Lee Yung-te,None,None,李永得,None,None,Democratic_Progressive_Party
Q7967650,Wang Tuoh,"Taiwanese writer, literary critic and politician",Wang Tuo,王拓,台湾作家、政治人物,None,Democratic_Progressive_Party
Q3846869,Yang Chiu-hsing,Taiwanese politician,None,楊秋興,None,None,Democratic_Progressive_Party
Q3847407,Birei Kin,Taiwan-born Japanese critic and political activist,Jin Meiling,金美齡,日籍台湾裔政治评论家,金美龄,Democratic_Progressive_Party
Q48928203,Weng Chang-liang,politician,None,翁章梁,None,None,Democratic_Progressive_Party
Q5101463,Chiou I-jen,Taiwanese politician,Qiu Yiren,邱义仁,台湾政治人物,None,Democratic_Progressive_Party
Q716710,Chang Chun-hsiung,Taiwanese politician,Zhang Junxiong,張俊雄,台湾政治人物,张俊雄,Democratic_Progressive_Party
Q465284,Annette Lu,Taiwanese politician,Lü Xiulian,呂秀蓮,台湾政治人物,吕秀莲,Democratic_Progressive_Party
Q8272458,Huang Erh-hsuan,Taiwanese politician,Huang Erxuan,黃爾璇,台湾政治人物,黄尔璇,Democratic_Progressive_Party
Q8347192,Chen Kuang-fu,Taiwan politician,None,陳光復,None,None,Democratic_Progressive_Party
Q8347204,陳勝宏,None,None,陳勝宏,None,None,Democratic_Progressive_Party
Q8348232,Tai Chen-yao,Taiwanese politician,None,戴振耀,None,None,Democratic_Progressive_Party
Q8348911,Hung Chi-chang,Taiwanese politician,None,洪奇昌,None,None,Democratic_Progressive_Party
Q8349144,謝三升,None,None,謝三升,None,None,Democratic_Progressive_Party
Q8349380,Tony Jian,None,None,簡肇棟,None,None,Democratic_Progressive_Party
Q8349646,Liu Chien-kuo,politician,None,劉建國,None,None,Democratic_Progressive_Party
Q8350160,Su Chih-fen,Taiwanese politician,Su Zhifen,蘇治芬,台湾政治人物,苏治芬,Democratic_Progressive_Party
Q8350197,Su Hong Yuejiao,Taiwanese politician,None,蘇洪月嬌,台湾政治人物,苏洪月娇,Democratic_Progressive_Party
Q8350655,Yu Chen Yueh-ying,Taiwanese politician,None,余陳月瑛,None,None,Democratic_Progressive_Party
Q8350882,廖大林,None,None,廖大林,None,None,Democratic_Progressive_Party
Q8357065,Fan Sun-lu,Taiwanese politician,None,范巽綠,None,None,Democratic_Progressive_Party
Q26465348,Liu Chien-sin,politician,None,劉建忻,None,None,Democratic_Progressive_Party
Q8349282,Huang Hsiu-fang,politician,None,黃秀芳,None,黄秀芳,Democratic_Progressive_Party
Q8349582,廖述鎮,None,None,廖述鎮,None,None,Democratic_Progressive_Party
Q8349592,林瑞卿,None,None,林瑞卿,None,None,Democratic_Progressive_Party
Q8349616,賴佳微,politician,None,賴佳微,None,頼佳微,Democratic_Progressive_Party
Q8349784,林德福 (體委會主委),None,None,林德福 (體委會主委),None,None,Democratic_Progressive_Party
Q8349861,林玉体,None,None,林玉体,None,None,Democratic_Progressive_Party
Q8349914,Lin Yu-chang,politician,None,林右昌,None,None,Democratic_Progressive_Party
Q8350016,賴美惠,politician,None,賴美惠,None,頼美惠,Democratic_Progressive_Party
Q8350423,Wang Shijian,Taiwanese politician,None,王世堅,台湾政治人物,王世坚,Democratic_Progressive_Party
Q8351599,林進興,None,None,林進興,None,None,Democratic_Progressive_Party
Q8347399,張國鑫,None,None,張國鑫,None,None,Democratic_Progressive_Party
Q8350556,王聰松,None,None,王聰松,None,None,Democratic_Progressive_Party
Q8351145,陳明澤,politician,None,陳明澤,None,None,Democratic_Progressive_Party
Q8351449,Huang Hua,Taiwanese activist,Huang Ming-tsung,黃明宗,None,None,Democratic_Progressive_Party
Q8357162,Lin Shu-fen,Taiwanese politician,None,林淑芬,None,None,Democratic_Progressive_Party
Q8272096,Stella Chen,None,None,陳婉真,None,None,Democratic_Progressive_Party
Q8347176,邱建富,None,None,邱建富,None,None,Democratic_Progressive_Party
Q8347820,Chen Ting-fei,Taiwanese politician,None,陳亭妃,None,None,Democratic_Progressive_Party
Q8348614,Huang Chao-hui,None,None,黃昭輝,None,None,Democratic_Progressive_Party
Q8349501,鄭貴元,politician,None,鄭貴元,None,None,Democratic_Progressive_Party
Q903822,Democratic Progressive Party,political party in Taiwan,DPP,民主進步黨,台灣政黨,台湾民进党,Democratic_Progressive_Party
